Team,Position,Player Name
Arizona Cardinals,DB,Bashaud Breeland
Arizona Cardinals,DB,Dadrion Taylor-Demerson
Arizona Cardinals,DB,Will Johnson
Arizona Cardinals,DB,Denzel Burke
Arizona Cardinals,DB,Budda Baker
Arizona Cardinals,DB,Donald Rutledge
Arizona Cardinals,DB,Kevin Peterson
Arizona Cardinals,DB,Max Melton
Arizona Cardinals,DB,Joey Blount
Arizona Cardinals,DB,Starling Thomas
Arizona Cardinals,DB,Sean Murphy-Bunting
Arizona Cardinals,DB,Elijah Jones
Arizona Cardinals,DB,Jalen Thompson
Arizona Cardinals,DB,Jaden Davis
Arizona Cardinals,DB,Garrett Williams
Arizona Cardinals,DB,Kitan Crawford
Arizona Cardinals,DB,Darren Hall
Arizona Cardinals,DB,Kalen King
Arizona Cardinals,DB,Kei'Trel Clark
Arizona Cardinals,DL,Jordan Burch
Arizona Cardinals,DL,PJ Mustipher
Arizona Cardinals,DL,Denzel Daxon
Arizona Cardinals,DL,Zachary Carter
Arizona Cardinals,DL,Baron Browning
Arizona Cardinals,DL,Dalvin Tomlinson
Arizona Cardinals,DL,Walter Nolen
Arizona Cardinals,DL,Josh Mauro
Arizona Cardinals,DL,Dante Stills
Arizona Cardinals,DL,Bilal Nichols
Arizona Cardinals,DL,Zaven Collins
Arizona Cardinals,DL,Josh Sweat
Arizona Cardinals,DL,BJ Ojulari
Arizona Cardinals,DL,Ryan Bee
Arizona Cardinals,DL,L.J. Collier
Arizona Cardinals,DL,Darius Robinson
Arizona Cardinals,DL,Calais Campbell
Arizona Cardinals,K,Chad Ryland
Arizona Cardinals,K,Joshua Karty
Arizona Cardinals,LB,J.J. Russell
Arizona Cardinals,LB,Donald Rutledge
Arizona Cardinals,LB,Channing Tindall
Arizona Cardinals,LB,Baron Browning
Arizona Cardinals,LB,Cody Simon
Arizona Cardinals,LB,Owen Pappoe
Arizona Cardinals,LB,Elliott Brown
Arizona Cardinals,LB,Austin Keys
Arizona Cardinals,LB,Mack Wilson
Arizona Cardinals,LB,Zaven Collins
Arizona Cardinals,LB,Akeem Davis-Gaither
Arizona Cardinals,LB,Eku Leota
Arizona Cardinals,LB,Jared Bartlett
Arizona Cardinals,QB,Logan Woodside
Arizona Cardinals,QB,Kedon Slovis
Arizona Cardinals,QB,Jacoby Brissett
Arizona Cardinals,QB,Kyler Murray
Arizona Cardinals,RB,Corey Kiner
Arizona Cardinals,RB,Trey Benson
Arizona Cardinals,RB,James Conner
Arizona Cardinals,RB,Michael Carter
Arizona Cardinals,RB,Jermar Jefferson
Arizona Cardinals,RB,Tavien Feaster
Arizona Cardinals,RB,Emari Demercado
Arizona Cardinals,RB,Zonovan Knight
Arizona Cardinals,TE,Pharaoh Brown
Arizona Cardinals,TE,Trey McBride
Arizona Cardinals,TE,Travis Vokolek
Arizona Cardinals,TE,Josiah Deguara
Arizona Cardinals,TE,Tip Reiman
Arizona Cardinals,TE,Elijah Higgins
Arizona Cardinals,TE,Rivaldo Fairweather
Arizona Cardinals,WR,Steven Sims
Arizona Cardinals,WR,Michael Wilson
Arizona Cardinals,WR,Simi Fehoko
Arizona Cardinals,WR,Xavier Weaver
Arizona Cardinals,WR,Marvin Harrison
Arizona Cardinals,WR,Zay Jones
Arizona Cardinals,WR,Tejhaun Palmer
Arizona Cardinals,WR,Trent Sherfield
Arizona Cardinals,WR,Isaac Whitney
Arizona Cardinals,WR,Greg Dortch
Arizona Cardinals,WR,Jalen Brooks
Arizona Cardinals,WR,Bryson Green
Arizona Cardinals,WR,Andre Baccellia
Atlanta Falcons,DB,Mike Ford
Atlanta Falcons,DB,A.J. Terrell
Atlanta Falcons,DB,Malik Verdon
Atlanta Falcons,DB,Billy Bowman
Atlanta Falcons,DB,Dee Alford
Atlanta Falcons,DB,Ronnie Harrison
Atlanta Falcons,DB,Cobee Bryant
Atlanta Falcons,DB,Jammie Robinson
Atlanta Falcons,DB,Jessie Bates
Atlanta Falcons,DB,A.J. Woods
Atlanta Falcons,DB,Clark Phillips
Atlanta Falcons,DB,Tysheem Johnson
Atlanta Falcons,DB,Heath Harding
Atlanta Falcons,DB,Xavier Watts
Atlanta Falcons,DB,Mike Hughes
Atlanta Falcons,DB,C.J. Henderson
Atlanta Falcons,DB,Natrone Brooks
Atlanta Falcons,DB,Jordan Fuller
Atlanta Falcons,DB,DeMarcco Hellams
Atlanta Falcons,DL,Zach Harrison
Atlanta Falcons,DL,Bralen Trice
Atlanta Falcons,DL,Brandon Dorlus
Atlanta Falcons,DL,DeAngelo Malone
Atlanta Falcons,DL,Elijah Garcia
Atlanta Falcons,DL,James Pearce
Atlanta Falcons,DL,Jalon Walker
Atlanta Falcons,DL,Ruke Orhorhoro
Atlanta Falcons,DL,Khalid Kareem
Atlanta Falcons,DL,Leonard Floyd
Atlanta Falcons,DL,LaCale London
Atlanta Falcons,DL,Kentavius Street
Atlanta Falcons,DL,Sam Roberts
Atlanta Falcons,DL,David Onyemata
Atlanta Falcons,DL,Ben Stille
Atlanta Falcons,DL,Patrick Jenkins
Atlanta Falcons,DL,Arnold Ebiketie
Atlanta Falcons,K,Zane Gonzalez
Atlanta Falcons,K,Lenny Krieg
Atlanta Falcons,LB,JD Bertrand
Atlanta Falcons,LB,Eugene Asante
Atlanta Falcons,LB,Troy Andersen
Atlanta Falcons,LB,Duke Ejiofor
Atlanta Falcons,LB,Divine Deablo
Atlanta Falcons,LB,Jalon Walker
Atlanta Falcons,LB,Josh Woods
Atlanta Falcons,LB,Leonard Floyd
Atlanta Falcons,LB,LaCale London
Atlanta Falcons,LB,Kaden Elliss
Atlanta Falcons,LB,Emmanuel Ellerbee
Atlanta Falcons,QB,Kirk Cousins
Atlanta Falcons,QB,Emory Jones
Atlanta Falcons,QB,Kyle Trask
Atlanta Falcons,QB,Easton Stick
Atlanta Falcons,QB,Michael Penix
Atlanta Falcons,RB,Nathan Carter
Atlanta Falcons,RB,Tyler Allgeier
Atlanta Falcons,RB,Bijan Robinson
Atlanta Falcons,RB,Carlos Washington
Atlanta Falcons,TE,Kyle Pitts
Atlanta Falcons,TE,Lee Smith
Atlanta Falcons,TE,Teagan Quitoriano
Atlanta Falcons,TE,Feleipe Franks
Atlanta Falcons,TE,Charlie Woerner
Atlanta Falcons,TE,Joshua Simon
Atlanta Falcons,WR,Casey Washington
Atlanta Falcons,WR,KhaDarel Hodge
Atlanta Falcons,WR,K.J. Osborn
Atlanta Falcons,WR,Chris Blair
Atlanta Falcons,WR,Deven Thompkins
Atlanta Falcons,WR,Drake London
Atlanta Falcons,WR,Darnell Mooney
Atlanta Falcons,WR,Dylan Drummond
Atlanta Falcons,WR,Malik Heath
Atlanta Falcons,WR,David Sills
Atlanta Falcons,WR,Garrett Scantling
Baltimore Ravens,DB,Ar'Darius Washington
Baltimore Ravens,DB,Amani Oruwariye
Baltimore Ravens,DB,Daniel Henry
Baltimore Ravens,DB,Robert Longerbeam
Baltimore Ravens,DB,Alohi Gilman
Baltimore Ravens,DB,Malaki Starks
Baltimore Ravens,DB,Bilhal Kone
Baltimore Ravens,DB,Kyle Hamilton
Baltimore Ravens,DB,Marlon Humphrey
Baltimore Ravens,DB,T.J. Tampa
Baltimore Ravens,DB,Keondre Jackson
Baltimore Ravens,DB,Jordan Richards
Baltimore Ravens,DB,Chidobe Awuzie
Baltimore Ravens,DB,Mazzi Wilkins
Baltimore Ravens,DB,Marquise Robinson
Baltimore Ravens,DB,Nate Wiggins
Baltimore Ravens,DB,Keyon Martin
Baltimore Ravens,DB,Anthony Levine
Baltimore Ravens,DL,Nnamdi Madubuike
Baltimore Ravens,DL,Mike Green
Baltimore Ravens,DL,Tavius Robinson
Baltimore Ravens,DL,Adisa Isaac
Baltimore Ravens,DL,Brent Urban
Baltimore Ravens,DL,Broderick Washington
Baltimore Ravens,DL,Taven Bryan
Baltimore Ravens,DL,Carl Jones
Baltimore Ravens,DL,Aeneas Peebles
Baltimore Ravens,DL,Travis Jones
Baltimore Ravens,DL,David Ojabo
Baltimore Ravens,DL,Josh Tupou
Baltimore Ravens,DL,David Olajiga
Baltimore Ravens,DL,C.J. Okoye
Baltimore Ravens,DL,John Jenkins
Baltimore Ravens,DL,Kyle Van Noy
Baltimore Ravens,DL,Dre'Mont Jones
Baltimore Ravens,K,Tyler Loop
Baltimore Ravens,LB,Jake Hummel
Baltimore Ravens,LB,Jay Higgins
Baltimore Ravens,LB,Teddye Buchanan
Baltimore Ravens,LB,Mike Green
Baltimore Ravens,LB,Tavius Robinson
Baltimore Ravens,LB,David Ojabo
Baltimore Ravens,LB,Chandler Martin
Baltimore Ravens,LB,Roquan Smith
Baltimore Ravens,LB,Kyle Van Noy
Baltimore Ravens,LB,William Kwenkeu
Baltimore Ravens,LB,Trenton Simpson
Baltimore Ravens,LB,Malik Hamm
Baltimore Ravens,LB,Kaimon Rucker
Baltimore Ravens,LB,Anthony Levine
Baltimore Ravens,QB,Cooper Rush
Baltimore Ravens,QB,Lamar Jackson
Baltimore Ravens,QB,Tyler Huntley
Baltimore Ravens,QB,Zach Terrell
Baltimore Ravens,QB,Aaron Bailey
Baltimore Ravens,RB,Justice Hill
Baltimore Ravens,RB,Keaton Mitchell
Baltimore Ravens,RB,Lucas Scott
Baltimore Ravens,RB,Derrick Henry
Baltimore Ravens,RB,Patrick Ricard
Baltimore Ravens,RB,Jonathan Ward
Baltimore Ravens,RB,Rasheen Ali
Baltimore Ravens,TE,Barrett Burns
Baltimore Ravens,TE,Isaiah Likely
Baltimore Ravens,TE,Mark Andrews
Baltimore Ravens,TE,Charlie Kolar
Baltimore Ravens,WR,Devontez Walker
Baltimore Ravens,WR,LaJohntay Wester
Baltimore Ravens,WR,Dayton Wade
Baltimore Ravens,WR,Keith Kirkwood
Baltimore Ravens,WR,Scotty Washington
Baltimore Ravens,WR,Rashod Bateman
Baltimore Ravens,WR,Tylan Wallace
Baltimore Ravens,WR,Cornelius Johnson
Baltimore Ravens,WR,Zay Flowers
Baltimore Ravens,WR,DeAndre Hopkins
Buffalo Bills,DB,Damar Hamlin
Buffalo Bills,DB,Wande Owens
Buffalo Bills,DB,Taylor Rapp
Buffalo Bills,DB,Cam Lewis
Buffalo Bills,DB,Jordan Hancock
Buffalo Bills,DB,Tre'Davious White
Buffalo Bills,DB,Cole Bishop
Buffalo Bills,DB,Dane Jackson
Buffalo Bills,DB,Daryl Porter
Buffalo Bills,DB,Christian Benford
Buffalo Bills,DB,Maxwell Hairston
Buffalo Bills,DB,Darius Slay
Buffalo Bills,DB,Jordan Poyer
Buffalo Bills,DB,MJ Devonshire
Buffalo Bills,DB,Darnell Savage
Buffalo Bills,DB,Te'Cory Couch
Buffalo Bills,DB,Sam Franklin
Buffalo Bills,DB,Taron Johnson
Buffalo Bills,DB,Brandon Codrington
Buffalo Bills,DB,Dorian Strong
Buffalo Bills,DL,Tommy Akingbesote
Buffalo Bills,DL,Ed Oliver
Buffalo Bills,DL,Larry Ogunjobi
Buffalo Bills,DL,Joey Bosa
Buffalo Bills,DL,Matthew Judon
Buffalo Bills,DL,DaQuan Jones
Buffalo Bills,DL,DeWayne Carter
Buffalo Bills,DL,Zion Logue
Buffalo Bills,DL,A.J. Epenesa
Buffalo Bills,DL,T.J. Sanders
Buffalo Bills,DL,Star Lotulelei
Buffalo Bills,DL,Shaq Lawson
Buffalo Bills,DL,Jordan Phillips
Buffalo Bills,DL,Greg Rousseau
Buffalo Bills,DL,Javon Solomon
Buffalo Bills,DL,Andre Jones
Buffalo Bills,DL,Landon Jackson
Buffalo Bills,DL,Deone Walker
Buffalo Bills,DL,Phidarian Mathis
Buffalo Bills,DL,Michael Hoecht
Buffalo Bills,K,Matt Prater
Buffalo Bills,K,Tyler Bass
Buffalo Bills,LB,Shaq Thompson
Buffalo Bills,LB,Joey Bosa
Buffalo Bills,LB,Matthew Judon
Buffalo Bills,LB,Dorian Williams
Buffalo Bills,LB,Shaq Lawson
Buffalo Bills,LB,Keonta Jenkins
Buffalo Bills,LB,Baylon Spector
Buffalo Bills,LB,Joe Andreessen
Buffalo Bills,LB,Matt Milano
Buffalo Bills,LB,Terrel Bernard
Buffalo Bills,LB,Michael Hoecht
Buffalo Bills,QB,Mitchell Trubisky
Buffalo Bills,QB,Josh Allen
Buffalo Bills,RB,James Cook
Buffalo Bills,RB,Reggie Gilliam
Buffalo Bills,RB,Frank Gore
Buffalo Bills,RB,Ty Johnson
Buffalo Bills,RB,Ray Davis
Buffalo Bills,TE,Dawson Knox
Buffalo Bills,TE,Keleki Latu
Buffalo Bills,TE,Dalton Kincaid
Buffalo Bills,TE,Jackson Hawes
Buffalo Bills,WR,Khalil Shakir
Buffalo Bills,WR,Brandin Cooks
Buffalo Bills,WR,Curtis Samuel
Buffalo Bills,WR,Stephen Gosnell
Buffalo Bills,WR,Mecole Hardman
Buffalo Bills,WR,Gabe Davis
Buffalo Bills,WR,Joshua Palmer
Buffalo Bills,WR,Keon Coleman
Buffalo Bills,WR,Tyrell Shavers
Carolina Panthers,DB,Akayleb Evans
Carolina Panthers,DB,Mike Jackson
Carolina Panthers,DB,Jaycee Horn
Carolina Panthers,DB,Lathan Ransom
Carolina Panthers,DB,A.J. Bouye
Carolina Panthers,DB,David Long
Carolina Panthers,DB,Michael Reid
Carolina Panthers,DB,Isaiah Simmons
Carolina Panthers,DB,J.T. Ibe
Carolina Panthers,DB,Tre'von Moehrig
Carolina Panthers,DB,Robert Rochell
Carolina Panthers,DB,Chau Smith-Wade
Carolina Panthers,DB,Damarri Mathis
Carolina Panthers,DB,Corey Thornton
Carolina Panthers,DB,Nick Scott
Carolina Panthers,DB,D'Anthony Bell
Carolina Panthers,DL,Trevis Gipson
Carolina Panthers,DL,Bobby Brown
Carolina Panthers,DL,Tershawn Wharton
Carolina Panthers,DL,Jaden Crumedy
Carolina Panthers,DL,D.J. Wonnum
Carolina Panthers,DL,Patrick Jones
Carolina Panthers,DL,LaBryan Ray
Carolina Panthers,DL,Popo Aumavae
Carolina Panthers,DL,A'Shawn Robinson
Carolina Panthers,DL,Princely Umanmielen
Carolina Panthers,DL,Jamil Muhammad
Carolina Panthers,DL,Derrick Brown
Carolina Panthers,DL,Jared Harrison-Hunte
Carolina Panthers,DL,Cam Jackson
Carolina Panthers,DL,Nic Scourton
Carolina Panthers,DL,Damontre Moore
Carolina Panthers,K,Ryan Fitzgerald
Carolina Panthers,K,Alex Kessman
Carolina Panthers,LB,Trevis Gipson
Carolina Panthers,LB,Claudin Cherelus
Carolina Panthers,LB,Bam Martin-Scott
Carolina Panthers,LB,D.J. Wonnum
Carolina Panthers,LB,Krys Barnes
Carolina Panthers,LB,Thomas Incoom
Carolina Panthers,LB,Isaiah Simmons
Carolina Panthers,LB,Mapalo Mwansa
Carolina Panthers,LB,Christian Rozeboom
Carolina Panthers,LB,Maema Njongmeta
Carolina Panthers,LB,Kendall Donnerson
Carolina Panthers,LB,Trevin Wallace
Carolina Panthers,LB,Jacoby Windmon
Carolina Panthers,QB,Andy Dalton
Carolina Panthers,QB,Bryce Young
Carolina Panthers,QB,Mike White
Carolina Panthers,RB,Montrell Johnson
Carolina Panthers,RB,Rico Dowdle
Carolina Panthers,RB,Trevor Etienne
Carolina Panthers,RB,Anthony Tyus
Carolina Panthers,RB,Jonathon Brooks
Carolina Panthers,RB,Chuba Hubbard
Carolina Panthers,RB,Mason Stokke
Carolina Panthers,TE,Tommy Tremble
Carolina Panthers,TE,Bryce Pierre
Carolina Panthers,TE,James Mitchell
Carolina Panthers,TE,Mitchell Evans
Carolina Panthers,TE,Ross Dwelley
Carolina Panthers,TE,Ja'Tavion Sanders
Carolina Panthers,TE,Wyatt Houston
Carolina Panthers,WR,Brycen Tremayne
Carolina Panthers,WR,Jimmy Horn
Carolina Panthers,WR,Dan Chisena
Carolina Panthers,WR,Tetairoa McMillan
Carolina Panthers,WR,David Moore
Carolina Panthers,WR,Ja'seem Reed
Carolina Panthers,WR,Ainias Smith
Carolina Panthers,WR,Jalen Coker
Carolina Panthers,WR,Xavier Legette
Carolina Panthers,WR,Micah Simon
Chicago Bears,DB,Nick McCloud
Chicago Bears,DB,C.J. Gardner-Johnson
Chicago Bears,DB,Elijah Hicks
Chicago Bears,DB,Gervarrius Owens
Chicago Bears,DB,Nahshon Wright
Chicago Bears,DB,Terell Smith
Chicago Bears,DB,Dallis Flowers
Chicago Bears,DB,Jonathan Owens
Chicago Bears,DB,Dominique Hampton
Chicago Bears,DB,Tyrique Stevenson
Chicago Bears,DB,Jaquan Brisker
Chicago Bears,DB,Kevin Byard
Chicago Bears,DB,Kyler Gordon
Chicago Bears,DB,Josh Blackwell
Chicago Bears,DB,Jaylon Johnson
Chicago Bears,DB,Jaylon Jones
Chicago Bears,DB,Dontae Manning
Chicago Bears,DB,Zah Frazier
Chicago Bears,DL,Dominique Robinson
Chicago Bears,DL,Joe Tryon-Shoyinka
Chicago Bears,DL,Grady Jarrett
Chicago Bears,DL,Jeremiah Martin
Chicago Bears,DL,Austin Booker
Chicago Bears,DL,Chris Williams
Chicago Bears,DL,Jonathan Garvin
Chicago Bears,DL,Dayo Odeyingbo
Chicago Bears,DL,Andrew Billings
Chicago Bears,DL,Shemar Turner
Chicago Bears,DL,Jamree Kromah
Chicago Bears,DL,Gervon Dexter
Chicago Bears,DL,Montez Sweat
Chicago Bears,K,Cairo Santos
Chicago Bears,LB,Joe Tryon-Shoyinka
Chicago Bears,LB,D'Marco Jackson
Chicago Bears,LB,Amen Ogbongbemiga
Chicago Bears,LB,Ty Summers
Chicago Bears,LB,Jonathan Garvin
Chicago Bears,LB,T.J. Edwards
Chicago Bears,LB,Noah Sewell
Chicago Bears,LB,Daniel Hardy
Chicago Bears,LB,Tremaine Edmunds
Chicago Bears,LB,Danny Trevathan
Chicago Bears,LB,Ruben Hyppolite
Chicago Bears,QB,Case Keenum
Chicago Bears,QB,Caleb Williams
Chicago Bears,QB,Tyson Bagent
Chicago Bears,RB,D'Andre Swift
Chicago Bears,RB,Deion Hankins
Chicago Bears,RB,Brittain Brown
Chicago Bears,RB,Robert Burns
Chicago Bears,RB,Kyle Monangai
Chicago Bears,RB,Roschon Johnson
Chicago Bears,RB,Travis Homer
Chicago Bears,TE,Colston Loveland
Chicago Bears,TE,Thomas Gordon
Chicago Bears,TE,Nikola Kalinic
Chicago Bears,TE,Franko House
Chicago Bears,TE,Cole Kmet
Chicago Bears,TE,Durham Smythe
Chicago Bears,TE,Stephen Carlson
Chicago Bears,WR,Jahdae Walker
Chicago Bears,WR,Rome Odunze
Chicago Bears,WR,Maurice Alexander
Chicago Bears,WR,Luther Burden
Chicago Bears,WR,Thomas Ives
Chicago Bears,WR,Devin Duvernay
Chicago Bears,WR,Olamide Zaccheaus
Chicago Bears,WR,DJ Moore
Chicago Bears,WR,Duplicate Player
Chicago Bears,WR,JP Richardson
Chicago Bears,WR,Qadir Ismail
Chicago Bears,WR,Shaq Roland
Cincinnati Bengals,DB,Geno Stone
Cincinnati Bengals,DB,Josh Newton
Cincinnati Bengals,DB,Ricardo Allen
Cincinnati Bengals,DB,DJ Turner
Cincinnati Bengals,DB,Marco Wilson
Cincinnati Bengals,DB,Jordan Battle
Cincinnati Bengals,DB,Jalen Kimber
Cincinnati Bengals,DB,Bralyn Lux
Cincinnati Bengals,DB,Jalen Davis
Cincinnati Bengals,DB,Dax Hill
Cincinnati Bengals,DB,Trae Waynes
Cincinnati Bengals,DB,DJ Ivey
Cincinnati Bengals,DB,Tycen Anderson
Cincinnati Bengals,DB,Russ Yeast
Cincinnati Bengals,DB,PJ Jules
Cincinnati Bengals,DB,Cam Taylor-Britt
Cincinnati Bengals,DB,Daijahn Anthony
Cincinnati Bengals,DL,Trey Hendrickson
Cincinnati Bengals,DL,Kris Jenkins
Cincinnati Bengals,DL,Antwaun Powell-Ryland
Cincinnati Bengals,DL,T.J. Slaton
Cincinnati Bengals,DL,B.J. Hill
Cincinnati Bengals,DL,Shemar Stewart
Cincinnati Bengals,DL,Cedric Johnson
Cincinnati Bengals,DL,Isaiah Foskey
Cincinnati Bengals,DL,Jordan Jefferson
Cincinnati Bengals,DL,Cam Sample
Cincinnati Bengals,DL,Myles Murphy
Cincinnati Bengals,DL,Joseph Ossai
Cincinnati Bengals,DL,Mike Daniels
Cincinnati Bengals,DL,Damion Square
Cincinnati Bengals,DL,McKinnley Jackson
Cincinnati Bengals,DL,Howard Cross
Cincinnati Bengals,K,Evan McPherson
Cincinnati Bengals,LB,Oren Burks
Cincinnati Bengals,LB,Liam Anderson
Cincinnati Bengals,LB,Jordan Evans
Cincinnati Bengals,LB,Brian Asamoah
Cincinnati Bengals,LB,Shaka Heyward
Cincinnati Bengals,LB,Joe Giles-Harris
Cincinnati Bengals,LB,Myles Murphy
Cincinnati Bengals,LB,Joseph Ossai
Cincinnati Bengals,LB,Demetrius Knight
Cincinnati Bengals,LB,Barrett Carter
Cincinnati Bengals,QB,Joe Flacco
Cincinnati Bengals,QB,Jake Browning
Cincinnati Bengals,QB,Sean Clifford
Cincinnati Bengals,QB,Joe Burrow
Cincinnati Bengals,RB,Kendall Milton
Cincinnati Bengals,RB,Tahj Brooks
Cincinnati Bengals,RB,Gary Brightwell
Cincinnati Bengals,RB,Samaje Perine
Cincinnati Bengals,RB,Chase Brown
Cincinnati Bengals,TE,Erick All
Cincinnati Bengals,TE,Mike Gesicki
Cincinnati Bengals,TE,Cam Grandy
Cincinnati Bengals,TE,Drew Sample
Cincinnati Bengals,TE,Noah Fant
Cincinnati Bengals,TE,Tanner Hudson
Cincinnati Bengals,WR,Ke'Shawn Williams
Cincinnati Bengals,WR,Charlie Jones
Cincinnati Bengals,WR,Ja'Marr Chase
Cincinnati Bengals,WR,Tee Higgins
Cincinnati Bengals,WR,Jordan Moore
Cincinnati Bengals,WR,Andrei Iosivas
Cincinnati Bengals,WR,Kendric Pryor
Cincinnati Bengals,WR,Xavier Johnson
Cincinnati Bengals,WR,Mitch Tinsley
Cleveland Browns,DB,Dom Jones
Cleveland Browns,DB,D'Angelo Ross
Cleveland Browns,DB,Dee Williams
Cleveland Browns,DB,Denzel Ward
Cleveland Browns,DB,Martin Emerson
Cleveland Browns,DB,Tyson Campbell
Cleveland Browns,DB,Tedric Thompson
Cleveland Browns,DB,Christopher Edmonds
Cleveland Browns,DB,Grant Delpit
Cleveland Browns,DB,Myles Harden
Cleveland Browns,DB,Ronnie Hickman
Cleveland Browns,DB,Donovan McMillon
Cleveland Browns,DB,Rayshawn Jenkins
Cleveland Browns,DB,Tre Avery
Cleveland Browns,DB,Sam Webb
Cleveland Browns,DL,Keith Cooper
Cleveland Browns,DL,Cameron Thomas
Cleveland Browns,DL,Isaiah McGuire
Cleveland Browns,DL,Sam Kamara
Cleveland Browns,DL,Myles Garrett
Cleveland Browns,DL,Julian Okwara
Cleveland Browns,DL,Alex Wright
Cleveland Browns,DL,Adin Huntington
Cleveland Browns,DL,Mason Graham
Cleveland Browns,DL,Shelby Harris
Cleveland Browns,DL,Malik Jackson
Cleveland Browns,DL,Maurice Hurst
Cleveland Browns,DL,Mike Hall
Cleveland Browns,DL,K.J. Henry
Cleveland Browns,DL,Maliek Collins
Cleveland Browns,K,Andre Szmyt
Cleveland Browns,LB,Winston Reid
Cleveland Browns,LB,Edefuan Ulofoshio
Cleveland Browns,LB,Julian Okwara
Cleveland Browns,LB,Nathaniel Watson
Cleveland Browns,LB,Chase Williams
Cleveland Browns,LB,Easton Mascarenas-Arnold
Cleveland Browns,LB,Malik Jackson
Cleveland Browns,LB,Jerome Baker
Cleveland Browns,LB,Jeremiah Owusu-Koramoah
Cleveland Browns,LB,Carson Schwesinger
Cleveland Browns,LB,Mohamoud Diabate
Cleveland Browns,LB,Devin Bush
Cleveland Browns,QB,Shedeur Sanders
Cleveland Browns,QB,Bailey Zappe
Cleveland Browns,QB,Dillon Gabriel
Cleveland Browns,QB,Deshaun Watson
Cleveland Browns,RB,Benny LeMay
Cleveland Browns,RB,Jerome Ford
Cleveland Browns,RB,Quinshon Judkins
Cleveland Browns,RB,Trayveon Williams
Cleveland Browns,RB,Dylan Sampson
Cleveland Browns,RB,Raheim Sanders
Cleveland Browns,RB,Ahmani Marshall
Cleveland Browns,TE,Brenden Bates
Cleveland Browns,TE,Blake Whiteheart
Cleveland Browns,TE,Sal Cannella
Cleveland Browns,TE,Caden Prieskorn
Cleveland Browns,TE,Harold Fannin
Cleveland Browns,TE,David Njoku
Cleveland Browns,WR,Jerry Jeudy
Cleveland Browns,WR,Jamari Thrash
Cleveland Browns,WR,Luke Floriea
Cleveland Browns,WR,DeAndre Carter
Cleveland Browns,WR,Malachi Corley
Cleveland Browns,WR,Kaden Davis
Cleveland Browns,WR,Cedric Tillman
Cleveland Browns,WR,Gage Larvadain
Cleveland Browns,WR,Isaiah Bond
Dallas Cowboys,DB,DaRon Bland
Dallas Cowboys,DB,Michael Coe
Dallas Cowboys,DB,Julius Wood
Dallas Cowboys,DB,Trikweze Bridges
Dallas Cowboys,DB,Shavon Revel
Dallas Cowboys,DB,Corey Ballentine
Dallas Cowboys,DB,Markquese Bell
Dallas Cowboys,DB,Alijah Clark
Dallas Cowboys,DB,Donovan Wilson
Dallas Cowboys,DB,C.J. Goodwin
Dallas Cowboys,DB,Malik Hooker
Dallas Cowboys,DB,Darian Thompson
Dallas Cowboys,DB,Josh Butler
Dallas Cowboys,DB,Duplicate Player
Dallas Cowboys,DB,Reddy Steward
Dallas Cowboys,DB,Caelen Carson
Dallas Cowboys,DB,Zion Childress
Dallas Cowboys,DB,Juanyeh Thomas
Dallas Cowboys,DL,Earnest Brown
Dallas Cowboys,DL,Perrion Winfrey
Dallas Cowboys,DL,James Houston
Dallas Cowboys,DL,Osa Odighizuwa
Dallas Cowboys,DL,Adedayo Odeleye
Dallas Cowboys,DL,Donovan Ezeiruaku
Dallas Cowboys,DL,Payton Turner
Dallas Cowboys,DL,Kenny Clark
Dallas Cowboys,DL,Jadeveon Clowney
Dallas Cowboys,DL,Dante Fowler
Dallas Cowboys,DL,Solomon Thomas
Dallas Cowboys,DL,Jay Toia
Dallas Cowboys,DL,Sam Williams
Dallas Cowboys,DL,Quinnen Williams
Dallas Cowboys,K,Brandon Aubrey
Dallas Cowboys,LB,Logan Wilson
Dallas Cowboys,LB,Jack Sanborn
Dallas Cowboys,LB,James Houston
Dallas Cowboys,LB,Markquese Bell
Dallas Cowboys,LB,DeMarvion Overshown
Dallas Cowboys,LB,Justin Barron
Dallas Cowboys,LB,Shemar James
Dallas Cowboys,LB,Jadeveon Clowney
Dallas Cowboys,LB,Kenneth Murray
Dallas Cowboys,LB,Dante Fowler
Dallas Cowboys,LB,Marist Liufau
Dallas Cowboys,LB,Isaiah Land
Dallas Cowboys,QB,Dak Prescott
Dallas Cowboys,QB,Joe Milton
Dallas Cowboys,QB,Will Grier
Dallas Cowboys,RB,Ito Smith
Dallas Cowboys,RB,Hunter Luepke
Dallas Cowboys,RB,Jaydon Blue
Dallas Cowboys,RB,Malik Davis
Dallas Cowboys,RB,Israel Abanikanda
Dallas Cowboys,RB,Miles Sanders
Dallas Cowboys,RB,Phil Mafah
Dallas Cowboys,RB,Javonte Williams
Dallas Cowboys,TE,Jake Ferguson
Dallas Cowboys,TE,Brevyn Spann-Ford
Dallas Cowboys,TE,Princeton Fant
Dallas Cowboys,TE,Luke Schoonmaker
Dallas Cowboys,WR,CeeDee Lamb
Dallas Cowboys,WR,Jalen Tolbert
Dallas Cowboys,WR,George Pickens
Dallas Cowboys,WR,Jonathan Mingo
Dallas Cowboys,WR,Traeshon Holden
Dallas Cowboys,WR,KaVontae Turpin
Dallas Cowboys,WR,Ryan Flournoy
Dallas Cowboys,WR,Parris Campbell
Dallas Cowboys,WR,Jalen Cropper
Denver Broncos,DB,Ha Ha Clinton-Dix
Denver Broncos,DB,Jaden Robinson
Denver Broncos,DB,Brandon Jones
Denver Broncos,DB,P.J. Locke
Denver Broncos,DB,Reese Taylor
Denver Broncos,DB,Devon Key
Denver Broncos,DB,Rojesterman Farris
Denver Broncos,DB,Pat Surtain
Denver Broncos,DB,JL Skinner
Denver Broncos,DB,Talanoa Hufanga
Denver Broncos,DB,Kris Abrams-Draine
Denver Broncos,DB,Ja'Quan McMillian
Denver Broncos,DB,Donnie Lewis
Denver Broncos,DB,Delarrin Turner-Yell
Denver Broncos,DB,Riley Moss
Denver Broncos,DB,Jahdae Barron
Denver Broncos,DL,John Franklin-Myers
Denver Broncos,DL,Jonah Elliss
Denver Broncos,DL,Eyioma Uwazurike
Denver Broncos,DL,Malcolm Roach
Denver Broncos,DL,Drew Sanders
Denver Broncos,DL,D.J. Jones
Denver Broncos,DL,Zach Allen
Denver Broncos,DL,Jonathon Cooper
Denver Broncos,DL,Jordan Jackson
Denver Broncos,DL,Matt Henningsen
Denver Broncos,DL,Nik Bonitto
Denver Broncos,DL,Johnny Walker
Denver Broncos,DL,Sai'vion Jones
Denver Broncos,DL,Jordan Miller
Denver Broncos,DL,Dondrea Tillman
Denver Broncos,K,Wil Lutz
Denver Broncos,LB,John Franklin-Myers
Denver Broncos,LB,Que Robinson
Denver Broncos,LB,Justin Strnad
Denver Broncos,LB,Levelle Bailey
Denver Broncos,LB,Duplicate Player
Denver Broncos,LB,Drew Sanders
Denver Broncos,LB,Josh Banderas
Denver Broncos,LB,Jonathon Cooper
Denver Broncos,LB,Alex Singleton
Denver Broncos,LB,Duplicate Player
Denver Broncos,LB,Nik Bonitto
Denver Broncos,LB,Jordan Turner
Denver Broncos,LB,Garrett Nelson
Denver Broncos,LB,Dre Greenlaw
Denver Broncos,LB,Karene Reid
Denver Broncos,QB,Sam Ehlinger
Denver Broncos,QB,Bo Nix
Denver Broncos,QB,Jarrett Stidham
Denver Broncos,RB,Jaleel McLaughlin
Denver Broncos,RB,Adam Prentice
Denver Broncos,RB,Michael Burton
Denver Broncos,RB,Adrian Killins
Denver Broncos,RB,Tyler Badie
Denver Broncos,RB,Cody Schrader
Denver Broncos,RB,RJ Harvey
Denver Broncos,RB,Deuce Vaughn
Denver Broncos,RB,J.K. Dobbins
Denver Broncos,TE,Caleb Lohner
Denver Broncos,TE,Evan Engram
Denver Broncos,TE,Adam Trautman
Denver Broncos,TE,Lucas Krull
Denver Broncos,TE,Nate Adkins
Denver Broncos,TE,Patrick Murtagh
Denver Broncos,WR,Elijah Moore
Denver Broncos,WR,Nick Williams
Denver Broncos,WR,Lil'Jordan Humphrey
Denver Broncos,WR,Michael Bandy
Denver Broncos,WR,Marvin Mims
Denver Broncos,WR,Troy Franklin
Denver Broncos,WR,Pat Bryant
Denver Broncos,WR,Courtland Sutton
Denver Broncos,WR,Kyrese Rowan
Denver Broncos,WR,A.T. Perry
Detroit Lions,DB,Brian Branch
Detroit Lions,DB,Ezekiel Turner
Detroit Lions,DB,C.J. Moore
Detroit Lions,DB,Ennis Rakestraw
Detroit Lions,DB,Kerby Joseph
Detroit Lions,DB,Dan Jackson
Detroit Lions,DB,Daniel Thomas
Detroit Lions,DB,Amik Robertson
Detroit Lions,DB,Arthur Maulet
Detroit Lions,DB,Terrion Arnold
Detroit Lions,DB,Rock Ya-Sin
Detroit Lions,DB,Loren Strickland
Detroit Lions,DB,Avonte Maddox
Detroit Lions,DB,Jalen Mills
Detroit Lions,DB,Damontae Kazee
Detroit Lions,DB,Khalil Dorsey
Detroit Lions,DB,Nick Whiteside
Detroit Lions,DB,Thomas Harper
Detroit Lions,DB,D.J. Reed
Detroit Lions,DB,Keenan Garber
Detroit Lions,DB,D'Angelo Amos
Detroit Lions,DL,Tyrus Wheat
Detroit Lions,DL,Tyler Lacy
Detroit Lions,DL,Chris Smith
Detroit Lions,DL,DJ Reader
Detroit Lions,DL,Pat O'Connor
Detroit Lions,DL,Derrick Barnes
Detroit Lions,DL,Tyleik Williams
Detroit Lions,DL,Al-Quadin Muhammad
Detroit Lions,DL,Myles Adams
Detroit Lions,DL,Roy Lopez
Detroit Lions,DL,Aidan Hutchinson
Detroit Lions,DL,Mekhi Wingo
Detroit Lions,DL,Ahmed Hassanein
Detroit Lions,DL,Marcus Davenport
Detroit Lions,DL,Josh Paschal
Detroit Lions,DL,Levi Onwuzurike
Detroit Lions,DL,Alim McNeill
Detroit Lions,K,Jake Bates
Detroit Lions,LB,Alex Anzalone
Detroit Lions,LB,Ezekiel Turner
Detroit Lions,LB,Pat O'Connor
Detroit Lions,LB,Derrick Barnes
Detroit Lions,LB,Trevor Nowaske
Detroit Lions,LB,Malcolm Rodriguez
Detroit Lions,LB,Grant Stuard
Detroit Lions,LB,Zach Cunningham
Detroit Lions,LB,Jack Campbell
Detroit Lions,QB,C.J. Beathard
Detroit Lions,QB,Jared Goff
Detroit Lions,QB,Kyle Allen
Detroit Lions,RB,Jabari Small
Detroit Lions,RB,Jacob Saylors
Detroit Lions,RB,Jahmyr Gibbs
Detroit Lions,RB,David Montgomery
Detroit Lions,RB,Sione Vaki
Detroit Lions,RB,Kye Robichaux
Detroit Lions,RB,Michael Warren
Detroit Lions,TE,Giovanni Ricci
Detroit Lions,TE,Sam LaPorta
Detroit Lions,TE,Zach Horton
Detroit Lions,TE,Brock Wright
Detroit Lions,TE,Anthony Firkser
Detroit Lions,TE,Shane Zylstra
Detroit Lions,WR,Isaac TeSlaa
Detroit Lions,WR,Kalif Raymond
Detroit Lions,WR,Jameson Williams
Detroit Lions,WR,Dominic Lovett
Detroit Lions,WR,Amon-Ra St. Brown
Detroit Lions,WR,Jackson Meeks
Detroit Lions,WR,Tom Kennedy
Detroit Lions,WR,Malik Cunningham
Green Bay Packers,DB,Nate Hobbs
Green Bay Packers,DB,Tyron Herring
Green Bay Packers,DB,Keisean Nixon
Green Bay Packers,DB,Javon Bullard
Green Bay Packers,DB,Mark Perry
Green Bay Packers,DB,Shemar Bartholomew
Green Bay Packers,DB,Evan Williams
Green Bay Packers,DB,Carrington Valentine
Green Bay Packers,DB,Trevon Diggs
Green Bay Packers,DB,Jaylin Simpson
Green Bay Packers,DB,Kitan Oladapo
Green Bay Packers,DB,Kamal Hadden
Green Bay Packers,DB,Zayne Anderson
Green Bay Packers,DB,Johnathan Baldwin
Green Bay Packers,DB,Xavier McKinney
Green Bay Packers,DL,Collin Oliver
Green Bay Packers,DL,Aiulua Fanene
Green Bay Packers,DL,Jordon Riley
Green Bay Packers,DL,Barryn Sorrell
Green Bay Packers,DL,Jonathan Ford
Green Bay Packers,DL,Devonte Wyatt
Green Bay Packers,DL,Micah Parsons
Green Bay Packers,DL,Rashan Gary
Green Bay Packers,DL,James Ester
Green Bay Packers,DL,Keith Randolph
Green Bay Packers,DL,Kingsley Enagbare
Green Bay Packers,DL,Nazir Stackhouse
Green Bay Packers,DL,Warren Brinson
Green Bay Packers,DL,Dante Barnett
Green Bay Packers,DL,Karl Brooks
Green Bay Packers,DL,Colby Wooden
Green Bay Packers,DL,Whitney Mercilus
Green Bay Packers,DL,Lukas Van Ness
Green Bay Packers,K,Lucas Havrisik
Green Bay Packers,K,Brandon McManus
Green Bay Packers,LB,Isaiah McDuffie
Green Bay Packers,LB,Kristian Welch
Green Bay Packers,LB,Quay Walker
Green Bay Packers,LB,Brenton Cox
Green Bay Packers,LB,Micah Parsons
Green Bay Packers,LB,Arron Mosby
Green Bay Packers,LB,Rashan Gary
Green Bay Packers,LB,Peter Kalambayi
Green Bay Packers,LB,Jamon Johnson
Green Bay Packers,LB,Nick Niemann
Green Bay Packers,LB,Zayne Anderson
Green Bay Packers,LB,Edgerrin Cooper
Green Bay Packers,LB,Ty'Ron Hopper
Green Bay Packers,LB,Whitney Mercilus
Green Bay Packers,QB,Jordan Love
Green Bay Packers,QB,Clayton Tune
Green Bay Packers,QB,Desmond Ridder
Green Bay Packers,QB,Malik Willis
Green Bay Packers,RB,Pierre Strong
Green Bay Packers,RB,Chris Brooks
Green Bay Packers,RB,Damien Martinez
Green Bay Packers,RB,MarShawn Lloyd
Green Bay Packers,RB,Kerrith Whyte
Green Bay Packers,RB,Emanuel Wilson
Green Bay Packers,RB,Josh Jacobs
Green Bay Packers,TE,Isaac Nauta
Green Bay Packers,TE,John FitzPatrick
Green Bay Packers,TE,Bronson Kaufusi
Green Bay Packers,TE,Tucker Kraft
Green Bay Packers,TE,McCallan Castles
Green Bay Packers,TE,Luke Musgrave
Green Bay Packers,TE,Josh Whyle
Green Bay Packers,TE,Drake Dabney
Green Bay Packers,WR,Jayden Reed
Green Bay Packers,WR,Dontayvion Wicks
Green Bay Packers,WR,Christian Watson
Green Bay Packers,WR,Isaiah Neyor
Green Bay Packers,WR,Savion Williams
Green Bay Packers,WR,DeAndre Thompkins
Green Bay Packers,WR,Romeo Doubs
Green Bay Packers,WR,Bo Melton
Green Bay Packers,WR,Will Sheppard
Green Bay Packers,WR,Jakobie Keeney-James
Green Bay Packers,WR,Matthew Golden
Houston Texans,DB,Jimmie Ward
Houston Texans,DB,M.J. Stewart
Houston Texans,DB,Myles Bryant
Houston Texans,DB,Chad Cota
Houston Texans,DB,Alijah Huzzie
Houston Texans,DB,T.J. Green
Houston Texans,DB,Kamari Lassiter
Houston Texans,DB,Jaylin Smith
Houston Texans,DB,Jalen Pitre
Houston Texans,DB,Calen Bullock
Houston Texans,DB,Jaylen Reed
Houston Texans,DB,Ameer Speed
Houston Texans,DB,Tremon Smith
Houston Texans,DB,K'Von Wallace
Houston Texans,DB,Ja'Marcus Ingram
Houston Texans,DB,Derek Stingley
Houston Texans,DB,Kaevon Merriweather
Houston Texans,DB,Ajani Carter
Houston Texans,DL,Derek Barnett
Houston Texans,DL,Leki Fotu
Houston Texans,DL,Folorunso Fatukasi
Houston Texans,DL,Naquan Jones
Houston Texans,DL,Mario Edwards
Houston Texans,DL,Kurt Hinish
Houston Texans,DL,Tommy Togiai
Houston Texans,DL,Tim Settle
Houston Texans,DL,Darrell Taylor
Houston Texans,DL,Tytus Howard
Houston Texans,DL,Kyonte Hamilton
Houston Texans,DL,Solomon Byrd
Houston Texans,DL,Danielle Hunter
Houston Texans,DL,Will Anderson
Houston Texans,DL,Junior Tafuna
Houston Texans,DL,Dylan Horton
Houston Texans,DL,Haggai Ndubuisi
Houston Texans,DL,Denico Autry
Houston Texans,DL,Marlon Davidson
Houston Texans,DL,Sheldon Rankins
Houston Texans,DL,Xavier Thomas
Houston Texans,K,Ka'imi Fairbairn
Houston Texans,LB,Henry To'oTo'o
Houston Texans,LB,Christian Harris
Houston Texans,LB,Azeez Al-Shaair
Houston Texans,LB,E.J. Speed
Houston Texans,LB,Jake Hansen
Houston Texans,LB,Darrell Taylor
Houston Texans,LB,Jamal Hill
Houston Texans,LB,Danielle Hunter
Houston Texans,LB,Will Anderson
Houston Texans,LB,Damone Clark
Houston Texans,LB,Connor Strachan
Houston Texans,LB,Power Echols
Houston Texans,QB,Davis Mills
Houston Texans,QB,Graham Mertz
Houston Texans,QB,C.J. Stroud
Houston Texans,RB,Nick Chubb
Houston Texans,RB,Woody Marks
Houston Texans,RB,British Brooks
Houston Texans,RB,Joe Mixon
Houston Texans,RB,Dare Ogunbowale
Houston Texans,RB,Jakob Johnson
Houston Texans,RB,Jawhar Jordan
Houston Texans,TE,Layne Pryor
Houston Texans,TE,Brevin Jordan
Houston Texans,TE,Luke Lachey
Houston Texans,TE,Harrison Bryant
Houston Texans,TE,Dalton Schultz
Houston Texans,TE,Cade Stover
Houston Texans,WR,Josh Kelly
Houston Texans,WR,Braxton Berrios
Houston Texans,WR,Nico Collins
Houston Texans,WR,Quintez Cephus
Houston Texans,WR,Jaylin Noel
Houston Texans,WR,Christian Kirk
Houston Texans,WR,Xavier Hutchinson
Houston Texans,WR,Jayden Higgins
Houston Texans,WR,Tank Dell
Houston Texans,WR,Jared Wayne
Houston Texans,WR,Justin Watson
Indianapolis Colts,DB,Trey Washington
Indianapolis Colts,DB,Nick Cross
Indianapolis Colts,DB,Rodney Thomas
Indianapolis Colts,DB,Wyett Ekeler
Indianapolis Colts,DB,Hunter Wohler
Indianapolis Colts,DB,Jaylon Carlies
Indianapolis Colts,DB,Sauce Gardner
Indianapolis Colts,DB,Ben Nikkel
Indianapolis Colts,DB,Daniel Scott
Indianapolis Colts,DB,Kenny Moore
Indianapolis Colts,DB,Reuben Lowery
Indianapolis Colts,DB,Jaylon Jones
Indianapolis Colts,DB,George Odum
Indianapolis Colts,DB,Troy Pride
Indianapolis Colts,DB,Cam Bynum
Indianapolis Colts,DB,Rolan Milligan
Indianapolis Colts,DB,Johnathan Edwards
Indianapolis Colts,DB,Mekhi Blackmon
Indianapolis Colts,DB,D.J. Swearinger
Indianapolis Colts,DB,Chris Lammons
Indianapolis Colts,DB,Justin Walley
Indianapolis Colts,DB,Mike Hilton
Indianapolis Colts,DB,Cameron Mitchell
Indianapolis Colts,DB,Brian Poole
Indianapolis Colts,DB,Charvarius Ward
Indianapolis Colts,DL,Eric Johnson
Indianapolis Colts,DL,Samson Ebukam
Indianapolis Colts,DL,DeForest Buckner
Indianapolis Colts,DL,Laiatu Latu
Indianapolis Colts,DL,Tyquan Lewis
Indianapolis Colts,DL,Robert Windsor
Indianapolis Colts,DL,Grover Stewart
Indianapolis Colts,DL,Bill Murray
Indianapolis Colts,DL,Kwity Paye
Indianapolis Colts,DL,Tim Smith
Indianapolis Colts,DL,Viliami Fehoko
Indianapolis Colts,DL,Chris Wormley
Indianapolis Colts,DL,Neville Gallimore
Indianapolis Colts,DL,JT Tuimoloau
Indianapolis Colts,DL,Adetomiwa Adebawore
Indianapolis Colts,K,Blake Grupe
Indianapolis Colts,K,Spencer Shrader
Indianapolis Colts,LB,Segun Olubi
Indianapolis Colts,LB,Samson Ebukam
Indianapolis Colts,LB,Luke Rhodes
Indianapolis Colts,LB,Rodney Thomas
Indianapolis Colts,LB,Durell Nchami
Indianapolis Colts,LB,Zaire Franklin
Indianapolis Colts,LB,Germaine Pratt
Indianapolis Colts,LB,Jaylon Carlies
Indianapolis Colts,LB,Joseph Vaughn
Indianapolis Colts,LB,Jacob Phillips
Indianapolis Colts,LB,Austin Ajiake
Indianapolis Colts,LB,Buddy Johnson
Indianapolis Colts,QB,Jalen Morton
Indianapolis Colts,QB,Daniel Jones
Indianapolis Colts,QB,Seth Henigan
Indianapolis Colts,QB,Riley Leonard
Indianapolis Colts,QB,Anthony Richardson
Indianapolis Colts,QB,Philip Rivers
Indianapolis Colts,RB,Salvon Ahmed
Indianapolis Colts,RB,Ameer Abdullah
Indianapolis Colts,RB,Tyler Goodson
Indianapolis Colts,RB,DJ Giddens
Indianapolis Colts,RB,Ulysses Bentley
Indianapolis Colts,RB,Jonathan Taylor
Indianapolis Colts,TE,Mo Alie-Cox
Indianapolis Colts,TE,Will Mallory
Indianapolis Colts,TE,Tyler Warren
Indianapolis Colts,TE,Jack Doyle
Indianapolis Colts,TE,Sean McKeon
Indianapolis Colts,TE,Drew Ogletree
Indianapolis Colts,WR,Eli Pancol
Indianapolis Colts,WR,Alec Pierce
Indianapolis Colts,WR,Coleman Owen
Indianapolis Colts,WR,D.J. Montgomery
Indianapolis Colts,WR,Al Riles
Indianapolis Colts,WR,Josh Downs
Indianapolis Colts,WR,Anthony Gould
Indianapolis Colts,WR,Laquon Treadwell
Indianapolis Colts,WR,Michael Pittman
Indianapolis Colts,WR,Ashton Dulin
Jacksonville Jaguars,DB,Eric Murray
Jacksonville Jaguars,DB,Greg Newsome
Jacksonville Jaguars,DB,Jabbar Muhammad
Jacksonville Jaguars,DB,Keith Taylor
Jacksonville Jaguars,DB,Johnathan Cyprien
Jacksonville Jaguars,DB,Jourdan Lewis
Jacksonville Jaguars,DB,Montaric Brown
Jacksonville Jaguars,DB,Antonio Johnson
Jacksonville Jaguars,DB,Travis Hunter
Jacksonville Jaguars,DB,Trevian Thomas
Jacksonville Jaguars,DB,Juan Thornhill
Jacksonville Jaguars,DB,Christian Braswell
Jacksonville Jaguars,DB,Cam'Ron Silmon-Craig
Jacksonville Jaguars,DB,Bradley McDougald
Jacksonville Jaguars,DB,Rayuan Lane
Jacksonville Jaguars,DB,Jarrian Jones
Jacksonville Jaguars,DB,Andrew Wingard
Jacksonville Jaguars,DB,Caleb Ransaw
Jacksonville Jaguars,DB,Keni-H Lovely
Jacksonville Jaguars,DL,Jalen McLeod
Jacksonville Jaguars,DL,Maason Smith
Jacksonville Jaguars,DL,Emmanuel Ogbah
Jacksonville Jaguars,DL,DaVon Hamilton
Jacksonville Jaguars,DL,Matt Dickerson
Jacksonville Jaguars,DL,Dawuane Smoot
Jacksonville Jaguars,DL,Keivie Rose
Jacksonville Jaguars,DL,Austin Johnson
Jacksonville Jaguars,DL,Josh Hines-Allen
Jacksonville Jaguars,DL,Danny Striggow
Jacksonville Jaguars,DL,B.J. Green
Jacksonville Jaguars,DL,Travon Walker
Jacksonville Jaguars,DL,Arik Armstead
Jacksonville Jaguars,K,Cam Little
Jacksonville Jaguars,LB,Patrick Mekari
Jacksonville Jaguars,LB,Devin Lloyd
Jacksonville Jaguars,LB,Branson Combs
Jacksonville Jaguars,LB,Jack Kiser
Jacksonville Jaguars,LB,Emmanuel Ogbah
Jacksonville Jaguars,LB,Yasir Abdullah
Jacksonville Jaguars,LB,Ventrell Miller
Jacksonville Jaguars,LB,Foyesade Oluokun
Jacksonville Jaguars,LB,Josh Hines-Allen
Jacksonville Jaguars,LB,Dennis Gardeck
Jacksonville Jaguars,LB,Dylan Moses
Jacksonville Jaguars,LB,Travon Walker
Jacksonville Jaguars,QB,Trevor Lawrence
Jacksonville Jaguars,QB,Carter Bradley
Jacksonville Jaguars,QB,Nick Mullens
Jacksonville Jaguars,RB,Bhayshul Tuten
Jacksonville Jaguars,RB,Travis Etienne
Jacksonville Jaguars,RB,DeeJay Dallas
Jacksonville Jaguars,RB,Ja'Quinden Jackson
Jacksonville Jaguars,RB,LeQuint Allen
Jacksonville Jaguars,TE,Brenton Strange
Jacksonville Jaguars,TE,Hunter Long
Jacksonville Jaguars,TE,Quintin Morris
Jacksonville Jaguars,TE,Patrick Herbert
Jacksonville Jaguars,TE,Jordan Akins
Jacksonville Jaguars,TE,Johnny Mundt
Jacksonville Jaguars,WR,Parker Washington
Jacksonville Jaguars,WR,Chandler Brayboy
Jacksonville Jaguars,WR,Austin Trammell
Jacksonville Jaguars,WR,Dyami Brown
Jacksonville Jaguars,WR,Jakobi Meyers
Jacksonville Jaguars,WR,Tim Jones
Jacksonville Jaguars,WR,Tim Patrick
Jacksonville Jaguars,WR,Travis Hunter
Jacksonville Jaguars,WR,Brian Thomas
Jacksonville Jaguars,WR,Joshua Cephus
Kansas City Chiefs,DB,Deon Bush
Kansas City Chiefs,DB,Kevin Knowles
Kansas City Chiefs,DB,Chamarri Conner
Kansas City Chiefs,DB,Joshua Williams
Kansas City Chiefs,DB,Jaden Hicks
Kansas City Chiefs,DB,Mike Edwards
Kansas City Chiefs,DB,Melvin Smith
Kansas City Chiefs,DB,Bryan Cook
Kansas City Chiefs,DB,Kristian Fulton
Kansas City Chiefs,DB,Jaylen Watson
Kansas City Chiefs,DB,Eric Scott
Kansas City Chiefs,DB,Chris Roland-Wallace
Kansas City Chiefs,DB,Nazeeh Johnson
Kansas City Chiefs,DB,Nohl Williams
Kansas City Chiefs,DB,Trent McDuffie
Kansas City Chiefs,DL,Janarius Robinson
Kansas City Chiefs,DL,Marcus Harris
Kansas City Chiefs,DL,George Karlaftis
Kansas City Chiefs,DL,Omarr Norman-Lott
Kansas City Chiefs,DL,Marlon Tuipulotu
Kansas City Chiefs,DL,Zacch Pickens
Kansas City Chiefs,DL,Mike Danna
Kansas City Chiefs,DL,Mike Pennel
Kansas City Chiefs,DL,Ethan Downs
Kansas City Chiefs,DL,Derrick Nnadi
Kansas City Chiefs,DL,Charles Omenihu
Kansas City Chiefs,DL,Chris Jones
Kansas City Chiefs,DL,Ashton Gillotte
Kansas City Chiefs,DL,Tyreke Smith
Kansas City Chiefs,DL,Jerry Tillery
Kansas City Chiefs,DL,Malik Herring
Kansas City Chiefs,DL,Felix Anudike-Uzomah
Kansas City Chiefs,K,Harrison Butker
Kansas City Chiefs,LB,Cooper McDonald
Kansas City Chiefs,LB,Leo Chenal
Kansas City Chiefs,LB,Drue Tranquill
Kansas City Chiefs,LB,Cole Christiansen
Kansas City Chiefs,LB,Jack Cochrane
Kansas City Chiefs,LB,Justin Hilliard
Kansas City Chiefs,LB,Jeffrey Bassa
Kansas City Chiefs,LB,Anthony Hitchens
Kansas City Chiefs,LB,Brandon George
Kansas City Chiefs,LB,Kam Arnold
Kansas City Chiefs,LB,Nick Bolton
Kansas City Chiefs,QB,Patrick Mahomes
Kansas City Chiefs,QB,Chris Oladokun
Kansas City Chiefs,QB,Gardner Minshew
Kansas City Chiefs,RB,Clyde Edwards-Helaire
Kansas City Chiefs,RB,Isiah Pacheco
Kansas City Chiefs,RB,Brashard Smith
Kansas City Chiefs,RB,Elijah McGuire
Kansas City Chiefs,RB,Keaontay Ingram
Kansas City Chiefs,RB,Dameon Pierce
Kansas City Chiefs,RB,Carson Steele
Kansas City Chiefs,RB,Kareem Hunt
Kansas City Chiefs,TE,Noah Gray
Kansas City Chiefs,TE,Tre Watson
Kansas City Chiefs,TE,Robert Tonyan
Kansas City Chiefs,TE,Jared Wiley
Kansas City Chiefs,TE,Jake Briningstool
Kansas City Chiefs,TE,Travis Kelce
Kansas City Chiefs,WR,Jason Brownlee
Kansas City Chiefs,WR,Jimmy Holiday
Kansas City Chiefs,WR,JuJu Smith-Schuster
Kansas City Chiefs,WR,Rashee Rice
Kansas City Chiefs,WR,Marquise Brown
Kansas City Chiefs,WR,Xavier Worthy
Kansas City Chiefs,WR,Joe Forson
Kansas City Chiefs,WR,Nikko Remigio
Kansas City Chiefs,WR,Tyquan Thornton
Kansas City Chiefs,WR,Jalen Royals
Las Vegas Raiders,DB,Darien Porter
Las Vegas Raiders,DB,Tristin McCollum
Las Vegas Raiders,DB,Decamerion Richardson
Las Vegas Raiders,DB,Terrell Edmunds
Las Vegas Raiders,DB,Greedy Vance
Las Vegas Raiders,DB,Darnay Holmes
Las Vegas Raiders,DB,Natrell Jamerson
Las Vegas Raiders,DB,Kavon Frazier
Las Vegas Raiders,DB,Brandon Hill
Las Vegas Raiders,DB,Jamal Adams
Las Vegas Raiders,DB,Chigozie Anusiem
Las Vegas Raiders,DB,Isaiah Pola-Mao
Las Vegas Raiders,DB,Kyu Blu Kelly
Las Vegas Raiders,DB,Lonnie Johnson
Las Vegas Raiders,DB,Jeremy Chinn
Las Vegas Raiders,DB,Eric Stokes
Las Vegas Raiders,DL,Jahfari Harvey
Las Vegas Raiders,DL,Charles Snowden
Las Vegas Raiders,DL,Adam Butler
Las Vegas Raiders,DL,Jonah Laulu
Las Vegas Raiders,DL,JJ Pegues
Las Vegas Raiders,DL,Boogie Basham
Las Vegas Raiders,DL,Thomas Booker
Las Vegas Raiders,DL,Tyree Wilson
Las Vegas Raiders,DL,Treven Ma'ae
Las Vegas Raiders,DL,Maxx Crosby
Las Vegas Raiders,DL,Malcolm Koonce
Las Vegas Raiders,DL,Brennan Jackson
Las Vegas Raiders,DL,Brodric Martin
Las Vegas Raiders,DL,Tonka Hemingway
Las Vegas Raiders,DL,P.J. Johnson
Las Vegas Raiders,DL,Laki Tasi
Las Vegas Raiders,K,Daniel Carlson
Las Vegas Raiders,LB,Jamin Davis
Las Vegas Raiders,LB,Devin White
Las Vegas Raiders,LB,Jon Rhattigan
Las Vegas Raiders,LB,Charles Snowden
Las Vegas Raiders,LB,Tyree Wilson
Las Vegas Raiders,LB,Tommy Eichenberg
Las Vegas Raiders,LB,Jamal Adams
Las Vegas Raiders,LB,Elandon Roberts
Las Vegas Raiders,LB,Cody Lindenberg
Las Vegas Raiders,LB,Jeremy Chinn
Las Vegas Raiders,QB,Geno Smith
Las Vegas Raiders,QB,Kenny Pickett
Las Vegas Raiders,QB,Aidan O'Connell
Las Vegas Raiders,RB,Dylan Laube
Las Vegas Raiders,RB,Ashton Jeanty
Las Vegas Raiders,RB,Jalen Richard
Las Vegas Raiders,RB,Raheem Mostert
Las Vegas Raiders,RB,Zamir White
Las Vegas Raiders,RB,Chris Collier
Las Vegas Raiders,TE,Albert Okwuegbunam
Las Vegas Raiders,TE,Ian Thomas
Las Vegas Raiders,TE,Carter Runyon
Las Vegas Raiders,TE,Michael Mayer
Las Vegas Raiders,TE,Brock Bowers
Las Vegas Raiders,WR,Alex Bachman
Las Vegas Raiders,WR,Tre Tucker
Las Vegas Raiders,WR,Tyler Lockett
Las Vegas Raiders,WR,Jack Bech
Las Vegas Raiders,WR,DJ Turner
Las Vegas Raiders,WR,Dont'e Thornton
Las Vegas Raiders,WR,Shedrick Jackson
Las Vegas Raiders,WR,Justin Shorter
Las Vegas Raiders,WR,Brenden Rice
Las Vegas Raiders,WR,Phillip Dorsett
Los Angeles Chargers,DB,RJ Mickens
Los Angeles Chargers,DB,Tarheeb Still
Los Angeles Chargers,DB,Eric Rogers
Los Angeles Chargers,DB,Marcus Williams
Los Angeles Chargers,DB,Nikko Reed
Los Angeles Chargers,DB,Kendall Williamson
Los Angeles Chargers,DB,Deane Leonard
Los Angeles Chargers,DB,Cam Hart
Los Angeles Chargers,DB,Donte Jackson
Los Angeles Chargers,DB,Elijah Molden
Los Angeles Chargers,DB,Jordan Oladokun
Los Angeles Chargers,DB,Isas Waxter
Los Angeles Chargers,DB,Tony Jefferson
Los Angeles Chargers,DB,Emany Johnson
Los Angeles Chargers,DB,Benjamin St-Juste
Los Angeles Chargers,DB,Derwin James
Los Angeles Chargers,DL,Da'Shawn Hand
Los Angeles Chargers,DL,Odafe Oweh
Los Angeles Chargers,DL,Josh Fuga
Los Angeles Chargers,DL,Kyle Kennard
Los Angeles Chargers,DL,Khalil Mack
Los Angeles Chargers,DL,Teair Tart
Los Angeles Chargers,DL,Jamaree Caldwell
Los Angeles Chargers,DL,Tuli Tuipulotu
Los Angeles Chargers,DL,Scott Matlock
Los Angeles Chargers,DL,Caraun Reid
Los Angeles Chargers,DL,Justin Eboigbe
Los Angeles Chargers,DL,Otito Ogbonnia
Los Angeles Chargers,DL,Bud Dupree
Los Angeles Chargers,DL,Kyle Peko
Los Angeles Chargers,DL,TeRah Edwards
Los Angeles Chargers,DL,Christian Covington
Los Angeles Chargers,K,Cameron Dicker
Los Angeles Chargers,LB,Odafe Oweh
Los Angeles Chargers,LB,Khalil Mack
Los Angeles Chargers,LB,Marlowe Wax
Los Angeles Chargers,LB,Garmon Randolph
Los Angeles Chargers,LB,Denzel Perryman
Los Angeles Chargers,LB,Tuli Tuipulotu
Los Angeles Chargers,LB,Troy Dye
Los Angeles Chargers,LB,Daiyan Henley
Los Angeles Chargers,LB,Del'Shawn Phillips
Los Angeles Chargers,LB,Bud Dupree
Los Angeles Chargers,LB,Junior Colson
Los Angeles Chargers,QB,Justin Herbert
Los Angeles Chargers,QB,Trey Lance
Los Angeles Chargers,QB,DJ Uiagalelei
Los Angeles Chargers,RB,Omarion Hampton
Los Angeles Chargers,RB,Kimani Vidal
Los Angeles Chargers,RB,Amar Johnson
Los Angeles Chargers,RB,Royce Freeman
Los Angeles Chargers,RB,Hassan Haskins
Los Angeles Chargers,RB,Jaret Patterson
Los Angeles Chargers,RB,Najee Harris
Los Angeles Chargers,TE,Oronde Gadsden
Los Angeles Chargers,TE,Tanner McLachlan
Los Angeles Chargers,TE,Tyler Conklin
Los Angeles Chargers,TE,Thomas Yassmin
Los Angeles Chargers,TE,Will Dissly
Los Angeles Chargers,TE,Tucker Fisk
Los Angeles Chargers,WR,Ladd McConkey
Los Angeles Chargers,WR,Dalevon Campbell
Los Angeles Chargers,WR,Tre' Harris
Los Angeles Chargers,WR,JaQuae Jackson
Los Angeles Chargers,WR,KJ Hill
Los Angeles Chargers,WR,Derius Davis
Los Angeles Chargers,WR,Keenan Allen
Los Angeles Chargers,WR,Quentin Johnston
Los Angeles Chargers,WR,Luke Grimm
Los Angeles Chargers,WR,KeAndre Lambert-Smith
Los Angeles Rams,DB,Josh Wallace
Los Angeles Rams,DB,Derion Kendrick
Los Angeles Rams,DB,Kareem Orr
Los Angeles Rams,DB,Kam Curl
Los Angeles Rams,DB,Eric Weddle
Los Angeles Rams,DB,Emmanuel Forbes
Los Angeles Rams,DB,Cobie Durant
Los Angeles Rams,DB,Jaylen McCollough
Los Angeles Rams,DB,Kamren Kinchens
Los Angeles Rams,DB,Roger McCreary
Los Angeles Rams,DB,Quentin Lake
Los Angeles Rams,DB,Dayan Lake
Los Angeles Rams,DB,Darious Williams
Los Angeles Rams,DB,Ahkello Witherspoon
Los Angeles Rams,DB,Alex Johnson
Los Angeles Rams,DB,Nate Valcarcel
Los Angeles Rams,DB,Tanner Ingle
Los Angeles Rams,DB,Cam Lampkin
Los Angeles Rams,DL,Duplicate Player
Los Angeles Rams,DL,Josaiah Stewart
Los Angeles Rams,DL,Byron Young
Los Angeles Rams,DL,Bill Norton
Los Angeles Rams,DL,Tyler Davis
Los Angeles Rams,DL,Braden Fiske
Los Angeles Rams,DL,Desjuan Johnson
Los Angeles Rams,DL,Poona Ford
Los Angeles Rams,DL,Keir Thomas
Los Angeles Rams,DL,Jared Verse
Los Angeles Rams,DL,Ty Hamilton
Los Angeles Rams,DL,Jack Heflin
Los Angeles Rams,DL,Kobie Turner
Los Angeles Rams,K,Harrison Mevis
Los Angeles Rams,LB,Nate Landman
Los Angeles Rams,LB,Troy Reeder
Los Angeles Rams,LB,Byron Young
Los Angeles Rams,LB,Jesse Luketa
Los Angeles Rams,LB,Shaun Dolac
Los Angeles Rams,LB,Omar Speights
Los Angeles Rams,LB,Nick Hampton
Los Angeles Rams,LB,Elias Neal
Los Angeles Rams,QB,Matthew Stafford
Los Angeles Rams,QB,Jimmy Garoppolo
Los Angeles Rams,QB,Stetson Bennett
Los Angeles Rams,RB,Blake Corum
Los Angeles Rams,RB,Ronnie Rivers
Los Angeles Rams,RB,Kyren Williams
Los Angeles Rams,RB,Jarquez Hunter
Los Angeles Rams,TE,Tyler Higbee
Los Angeles Rams,TE,Terrance Ferguson
Los Angeles Rams,TE,Davis Allen
Los Angeles Rams,TE,Mark Redman
Los Angeles Rams,TE,Nick Vannett
Los Angeles Rams,TE,Colby Parkinson
Los Angeles Rams,WR,Davante Adams
Los Angeles Rams,WR,Tutu Atwell
Los Angeles Rams,WR,Puka Nacua
Los Angeles Rams,WR,Konata Mumpfield
Los Angeles Rams,WR,Tru Edwards
Los Angeles Rams,WR,Jordan Whittington
Los Angeles Rams,WR,Xavier Smith
Los Angeles Rams,WR,Tyler Scott
Los Angeles Rams,WR,Brennan Presley
Miami Dolphins,DB,Elijah Campbell
Miami Dolphins,DB,Chris Milton
Miami Dolphins,DB,Isaiah Johnson
Miami Dolphins,DB,Rasul Douglas
Miami Dolphins,DB,Jordan Colbert
Miami Dolphins,DB,Ethan Bonner
Miami Dolphins,DB,Jason Marshall
Miami Dolphins,DB,Jack Henderson
Miami Dolphins,DB,Ifeatu Melifonwu
Miami Dolphins,DB,Jason Maitre
Miami Dolphins,DB,Kader Kohou
Miami Dolphins,DB,A.J. Green
Miami Dolphins,DB,Jack Jones
Miami Dolphins,DB,Ashtyn Davis
Miami Dolphins,DB,Artie Burns
Miami Dolphins,DB,Ethan Robinson
Miami Dolphins,DB,JuJu Brents
Miami Dolphins,DB,Minkah Fitzpatrick
Miami Dolphins,DB,Dante Trader
Miami Dolphins,DB,Storm Duck
Miami Dolphins,DB,Kendall Sheffield
Miami Dolphins,DL,Kenneth Grant
Miami Dolphins,DL,Bradley Chubb
Miami Dolphins,DL,Zeek Biggers
Miami Dolphins,DL,Chop Robinson
Miami Dolphins,DL,Jordan Phillips
Miami Dolphins,DL,Alex Huntley
Miami Dolphins,DL,Benito Jones
Miami Dolphins,DL,Durval Queiroz Neto
Miami Dolphins,DL,Matthew Butler
Miami Dolphins,DL,Quinton Bell
Miami Dolphins,DL,Simeon Barrow
Miami Dolphins,DL,Zach Sieler
Miami Dolphins,K,Jason Sanders
Miami Dolphins,K,Riley Patterson
Miami Dolphins,LB,Caleb Johnson
Miami Dolphins,LB,Bradley Chubb
Miami Dolphins,LB,Cameron Goode
Miami Dolphins,LB,K.J. Britt
Miami Dolphins,LB,Chop Robinson
Miami Dolphins,LB,Willie Gay
Miami Dolphins,LB,Jimmy Ciarlo
Miami Dolphins,LB,Tyrel Dodson
Miami Dolphins,LB,Andre Carter
Miami Dolphins,LB,Jordyn Brooks
Miami Dolphins,LB,Quinton Bell
Miami Dolphins,LB,Wynton McManis
Miami Dolphins,LB,Derrick McLendon
Miami Dolphins,LB,Jackson Woodard
Miami Dolphins,LB,K.C. Ossai
Miami Dolphins,QB,Tua Tagovailoa
Miami Dolphins,QB,Zach Wilson
Miami Dolphins,QB,Cam Miller
Miami Dolphins,QB,Quinn Ewers
Miami Dolphins,RB,Jeff Wilson
Miami Dolphins,RB,Alexander Mattison
Miami Dolphins,RB,JaMycal Hasty
Miami Dolphins,RB,Ollie Gordon
Miami Dolphins,RB,De'Von Achane
Miami Dolphins,RB,Jordan Scarlett
Miami Dolphins,RB,Alec Ingold
Miami Dolphins,RB,Jaylen Wright
Miami Dolphins,RB,Donovan Edwards
Miami Dolphins,TE,Jalin Conyers
Miami Dolphins,TE,Kalif Jackson
Miami Dolphins,TE,Julian Hill
Miami Dolphins,TE,Hayden Rucci
Miami Dolphins,TE,Chris Myarick
Miami Dolphins,TE,Greg Dulcich
Miami Dolphins,TE,Darren Waller
Miami Dolphins,WR,Malik Washington
Miami Dolphins,WR,Jaylen Waddle
Miami Dolphins,WR,Nick Westbrook-Ikhine
Miami Dolphins,WR,Tyreek Hill
Miami Dolphins,WR,Dee Eskridge
Miami Dolphins,WR,Allen Hurns
Miami Dolphins,WR,AJ Henning
Miami Dolphins,WR,Theo Wease
Miami Dolphins,WR,Tahj Washington
Miami Dolphins,WR,Cedrick Wilson
Minnesota Vikings,DB,Kahlef Hailassie
Minnesota Vikings,DB,Tavierre Thomas
Minnesota Vikings,DB,Dwight McGlothern
Minnesota Vikings,DB,Jay Ward
Minnesota Vikings,DB,Bryan Mills
Minnesota Vikings,DB,Fabian Moreau
Minnesota Vikings,DB,Theo Jackson
Minnesota Vikings,DB,Byron Murphy
Minnesota Vikings,DB,Joshua Metellus
Minnesota Vikings,DB,Jeff Okudah
Minnesota Vikings,DB,Isaiah Rodgers
Minnesota Vikings,DB,Amari Henderson
Minnesota Vikings,DB,Tyrek Funderburk
Minnesota Vikings,DB,Harrison Smith
Minnesota Vikings,DB,Zemaiah Vaughn
Minnesota Vikings,DL,Dallas Turner
Minnesota Vikings,DL,Levi Drake Rodriguez
Minnesota Vikings,DL,Tyler Batty
Minnesota Vikings,DL,Taki Taimani
Minnesota Vikings,DL,Jalen Redmond
Minnesota Vikings,DL,Gabriel Murphy
Minnesota Vikings,DL,Bo Richter
Minnesota Vikings,DL,Andrew Van Ginkel
Minnesota Vikings,DL,Jaylon Hutchings
Minnesota Vikings,DL,Jonathan Allen
Minnesota Vikings,DL,Matt Nelson
Minnesota Vikings,DL,Jonathan Harris
Minnesota Vikings,DL,Elijah Williams
Minnesota Vikings,DL,Jonathan Greenard
Minnesota Vikings,DL,Javon Hargrave
Minnesota Vikings,DL,Tyrion Ingram-Dawkins
Minnesota Vikings,DL,Chaz Chambliss
Minnesota Vikings,DL,Eddie Yarbrough
Minnesota Vikings,K,Will Reichard
Minnesota Vikings,LB,Dallas Turner
Minnesota Vikings,LB,Andrew Van Ginkel
Minnesota Vikings,LB,Josh Ross
Minnesota Vikings,LB,Jonathan Greenard
Minnesota Vikings,LB,Eric Wilson
Minnesota Vikings,LB,Joshua Metellus
Minnesota Vikings,LB,Ivan Pace
Minnesota Vikings,LB,Blake Cashman
Minnesota Vikings,LB,Sione Takitaki
Minnesota Vikings,QB,J.J. McCarthy
Minnesota Vikings,QB,Max Brosmer
Minnesota Vikings,QB,Brett Rypien
Minnesota Vikings,QB,Carson Wentz
Minnesota Vikings,QB,John Wolford
Minnesota Vikings,RB,Jordan Mason
Minnesota Vikings,RB,Sincere McCormick
Minnesota Vikings,RB,C.J. Ham
Minnesota Vikings,RB,Zavier Scott
Minnesota Vikings,RB,Aaron Jones
Minnesota Vikings,RB,Ty Chandler
Minnesota Vikings,TE,T.J. Hockenson
Minnesota Vikings,TE,Bryson Nesbit
Minnesota Vikings,TE,Gavin Bartholomew
Minnesota Vikings,TE,Josh Oliver
Minnesota Vikings,TE,Ben Sims
Minnesota Vikings,TE,Ben Yurosek
Minnesota Vikings,WR,Rondale Moore
Minnesota Vikings,WR,Jalen Nailor
Minnesota Vikings,WR,Dontae Fleming
Minnesota Vikings,WR,Tai Felton
Minnesota Vikings,WR,Joaquin Davis
Minnesota Vikings,WR,Justin Jefferson
Minnesota Vikings,WR,Myles Price
Minnesota Vikings,WR,Jeshaun Jones
Minnesota Vikings,WR,Jordan Addison
New England Patriots,DB,Marte Mapu
New England Patriots,DB,DJ Daniel
New England Patriots,DB,Richie Grant
New England Patriots,DB,Charles Woods
New England Patriots,DB,Marcus Jones
New England Patriots,DB,Marcellas Dial
New England Patriots,DB,Dell Pettus
New England Patriots,DB,Alex Austin
New England Patriots,DB,John Saunders
New England Patriots,DB,Christian Gonzalez
New England Patriots,DB,Kobee Minor
New England Patriots,DB,Brandon Crossley
New England Patriots,DB,Carlton Davis
New England Patriots,DB,Craig Woodson
New England Patriots,DB,Sean Davis
New England Patriots,DB,Miles Battle
New England Patriots,DB,Brenden Schooler
New England Patriots,DB,Jaylinn Hawkins
New England Patriots,DL,Eric Gregory
New England Patriots,DL,Isaiah Iton
New England Patriots,DL,Elijah Ponder
New England Patriots,DL,Milton Williams
New England Patriots,DL,Joshua Farmer
New England Patriots,DL,Cory Durden
New England Patriots,DL,Bradyn Swinson
New England Patriots,DL,Jeremiah Pharms
New England Patriots,DL,Christian Elliss
New England Patriots,DL,Harold Landry
New England Patriots,DL,Fabien Lovett
New England Patriots,DL,K'Lavon Chaisson
New England Patriots,DL,Christian Barmore
New England Patriots,DL,Anfernee Jennings
New England Patriots,DL,Leonard Taylor
New England Patriots,DL,Jaquelin Roy
New England Patriots,DL,Khyiris Tonga
New England Patriots,K,Andy Borregales
New England Patriots,LB,Amari Gainer
New England Patriots,LB,LaRoy Reynolds
New England Patriots,LB,Jahlani Tavai
New England Patriots,LB,Chad Muma
New England Patriots,LB,Christian Elliss
New England Patriots,LB,Robert Spillane
New England Patriots,LB,Harold Landry
New England Patriots,LB,Darius Harris
New England Patriots,LB,K'Lavon Chaisson
New England Patriots,LB,Jack Gibbens
New England Patriots,LB,Anfernee Jennings
New England Patriots,LB,Otis Reese
New England Patriots,QB,Tommy DeVito
New England Patriots,QB,Joshua Dobbs
New England Patriots,QB,Drake Maye
New England Patriots,RB,TreVeyon Henderson
New England Patriots,RB,Elijah Mitchell
New England Patriots,RB,Deneric Prince
New England Patriots,RB,Craig Reynolds
New England Patriots,RB,D'Ernest Johnson
New England Patriots,RB,Antonio Gibson
New England Patriots,RB,Brock Lampe
New England Patriots,RB,Lan Larison
New England Patriots,RB,Rhamondre Stevenson
New England Patriots,RB,Terrell Jennings
New England Patriots,TE,Matt LaCosse
New England Patriots,TE,Hunter Henry
New England Patriots,TE,Marshall Lang
New England Patriots,TE,CJ Dippre
New England Patriots,TE,Thomas Odukoya
New England Patriots,TE,Austin Hooper
New England Patriots,TE,Jack Westover
New England Patriots,WR,Kayshon Boutte
New England Patriots,WR,Efton Chism
New England Patriots,WR,DeMario Douglas
New England Patriots,WR,Mack Hollins
New England Patriots,WR,Jeremiah Webb
New England Patriots,WR,John Jiles
New England Patriots,WR,Stefon Diggs
New England Patriots,WR,Kyle Williams
New England Patriots,WR,Brandon Smith
New Orleans Saints,DB,Rejzohn Wright
New Orleans Saints,DB,Jonas Sanker
New Orleans Saints,DB,Jordan Howden
New Orleans Saints,DB,Elliott Davison
New Orleans Saints,DB,Isaac Yiadom
New Orleans Saints,DB,Beanie Bishop
New Orleans Saints,DB,Quincy Riley
New Orleans Saints,DB,Dalys Beanum
New Orleans Saints,DB,Terrell Burgess
New Orleans Saints,DB,Alontae Taylor
New Orleans Saints,DB,Ugo Amadi
New Orleans Saints,DB,Jayden Price
New Orleans Saints,DB,Justin Reid
New Orleans Saints,DB,Malcolm Jenkins
New Orleans Saints,DB,Julian Blackmon
New Orleans Saints,DB,Michael Davis
New Orleans Saints,DB,Adonis Alexander
New Orleans Saints,DB,Kool-Aid McKinstry
New Orleans Saints,DL,Nathan Shepherd
New Orleans Saints,DL,Chris Rumph
New Orleans Saints,DL,Chase Young
New Orleans Saints,DL,Vernon Broughton
New Orleans Saints,DL,Coziah Izzard
New Orleans Saints,DL,Carl Granderson
New Orleans Saints,DL,Jonathan Bullard
New Orleans Saints,DL,Davon Godchaux
New Orleans Saints,DL,Khristian Boyd
New Orleans Saints,DL,John Ridgeway
New Orleans Saints,DL,Bryan Bresee
New Orleans Saints,DL,Cameron Jordan
New Orleans Saints,DL,Jonah Williams
New Orleans Saints,DL,Ethan Westbrooks
New Orleans Saints,DL,Zach Wood
New Orleans Saints,DL,Fadil Diggs
New Orleans Saints,K,Charlie Smyth
New Orleans Saints,LB,Demario Davis
New Orleans Saints,LB,Danny Stutsman
New Orleans Saints,LB,Carl Granderson
New Orleans Saints,LB,Isaiah Stalbird
New Orleans Saints,LB,Pete Werner
New Orleans Saints,LB,Jaylan Ford
New Orleans Saints,LB,Quentin Poling
New Orleans Saints,LB,Nephi Sewell
New Orleans Saints,QB,Blake Bortles
New Orleans Saints,QB,Tyler Shough
New Orleans Saints,QB,Jake Haener
New Orleans Saints,QB,Hunter Dekkers
New Orleans Saints,QB,Spencer Rattler
New Orleans Saints,RB,Audric Estime
New Orleans Saints,RB,Nyheim Miller-Hines
New Orleans Saints,RB,Evan Hull
New Orleans Saints,RB,Devin Neal
New Orleans Saints,RB,Kendre Miller
New Orleans Saints,RB,Alvin Kamara
New Orleans Saints,TE,Mason Pline
New Orleans Saints,TE,Zaire Mitchell-Paden
New Orleans Saints,TE,Treyton Welch
New Orleans Saints,TE,Jack Stoll
New Orleans Saints,TE,Foster Moreau
New Orleans Saints,TE,Moliki Matavao
New Orleans Saints,TE,Taysom Hill
New Orleans Saints,TE,Juwan Johnson
New Orleans Saints,WR,Dante Pettis
New Orleans Saints,WR,Ronnie Bell
New Orleans Saints,WR,Mason Tipton
New Orleans Saints,WR,Elijah Cooks
New Orleans Saints,WR,Chris Olave
New Orleans Saints,WR,Samori Toure
New Orleans Saints,WR,Trey Palmer
New Orleans Saints,WR,Devaughn Vele
New Orleans Saints,WR,Bub Means
New Orleans Saints,WR,Eldridge Massington
New Orleans Saints,WR,Kevin Austin
New Orleans Saints,WR,Ja'Lynn Polk
New York Giants,DB,Brandon Williams
New York Giants,DB,Dane Belton
New York Giants,DB,Beau Brade
New York Giants,DB,Demetrius Flannigan-Fowles
New York Giants,DB,Deonte Banks
New York Giants,DB,Dwayne Johnson
New York Giants,DB,TJ Moore
New York Giants,DB,Nate Ebner
New York Giants,DB,Patrick McMorris
New York Giants,DB,Tyler Nubin
New York Giants,DB,Cor'Dale Flott
New York Giants,DB,Dru Phillips
New York Giants,DB,Jevon Holland
New York Giants,DB,Nic Jones
New York Giants,DB,Myles Purchase
New York Giants,DB,Anthony Johnson
New York Giants,DB,Rico Payton
New York Giants,DB,Jarrick Bernard-Converse
New York Giants,DB,Korie Black
New York Giants,DB,Paulson Adebo
New York Giants,DB,Raheem Layne
New York Giants,DB,Art Green
New York Giants,DL,Trace Ford
New York Giants,DL,Woodrow Hamilton
New York Giants,DL,Caleb Murphy
New York Giants,DL,Rakeem Nunez-Roches
New York Giants,DL,D.J. Davidson
New York Giants,DL,Casey Rogers
New York Giants,DL,Kayvon Thibodeaux
New York Giants,DL,Roy Robertson-Harris
New York Giants,DL,Abdul Carter
New York Giants,DL,Chauncey Golston
New York Giants,DL,Brian Burns
New York Giants,DL,Dexter Lawrence
New York Giants,DL,Darius Alexander
New York Giants,DL,Elijah Chatman
New York Giants,K,Ben Sauls
New York Giants,K,Graham Gano
New York Giants,LB,Chris Board
New York Giants,LB,Neville Hewitt
New York Giants,LB,Demetrius Flannigan-Fowles
New York Giants,LB,Bobby Okereke
New York Giants,LB,Darius Muasau
New York Giants,LB,Zaire Barnes
New York Giants,LB,Kayvon Thibodeaux
New York Giants,LB,Swayze Bozeman
New York Giants,LB,Tomon Fox
New York Giants,LB,Abdul Carter
New York Giants,LB,Victor Dimukeje
New York Giants,LB,Micah McFadden
New York Giants,QB,Tommy Stevens
New York Giants,QB,Jaxson Dart
New York Giants,QB,Jameis Winston
New York Giants,QB,Clayton Thorson
New York Giants,QB,Russell Wilson
New York Giants,RB,Devin Singletary
New York Giants,RB,Tyrone Tracy
New York Giants,RB,Dante Miller
New York Giants,RB,Eric Gray
New York Giants,RB,Cam Skattebo
New York Giants,RB,Taquan Mizzell
New York Giants,TE,Theo Johnson
New York Giants,TE,Daniel Bellinger
New York Giants,TE,Chris Manhertz
New York Giants,TE,Thomas Fidone
New York Giants,TE,Levine Toilolo
New York Giants,TE,Tanner Conner
New York Giants,TE,Maximilian Mang
New York Giants,TE,Zach Davidson
New York Giants,WR,Gunner Olszewski
New York Giants,WR,Dalen Cambre
New York Giants,WR,Isaiah Hodgins
New York Giants,WR,Malik Nabers
New York Giants,WR,Andy Jones
New York Giants,WR,Xavier Gipson
New York Giants,WR,Ryan Miller
New York Giants,WR,Wan'Dale Robinson
New York Giants,WR,Jalin Hyatt
New York Giants,WR,Ihmir Smith-Marsette
New York Giants,WR,Da'Quan Felton
New York Giants,WR,Darius Slayton
New York Giants,WR,Bryce Ford-Wheaton
New York Giants,WR,Beaux Collins
New York Jets,DB,Samuel Womack
New York Jets,DB,Ja'Sir Taylor
New York Jets,DB,Jarius Monroe
New York Jets,DB,Jordan Clark
New York Jets,DB,Isaiah Oliver
New York Jets,DB,Brandon Stephens
New York Jets,DB,Ken Webster
New York Jets,DB,Azareye'h Thomas
New York Jets,DB,Andre Cisco
New York Jets,DB,Brendon White
New York Jets,DB,Nik Needham
New York Jets,DB,Jaylen Mahoney
New York Jets,DB,Tre Brown
New York Jets,DB,Dean Clark
New York Jets,DB,Jarvis Brownlee
New York Jets,DB,Qwan'tez Stiggers
New York Jets,DB,Tony Adams
New York Jets,DB,Chris Smith
New York Jets,DB,Malachi Moore
New York Jets,DB,Kris Boyd
New York Jets,DB,Keidron Smith
New York Jets,DL,Paschal Ekeji
New York Jets,DL,Fatorma Mulbah
New York Jets,DL,Jay Tufele
New York Jets,DL,Kingsley Jonathan
New York Jets,DL,Will McDonald
New York Jets,DL,Tyler Baron
New York Jets,DL,Jowon Briggs
New York Jets,DL,Khalen Saunders
New York Jets,DL,Braiden McGregor
New York Jets,DL,Ronald Blair
New York Jets,DL,Freedom Akinmoladun
New York Jets,DL,Eric Watts
New York Jets,DL,Jermaine Johnson
New York Jets,DL,Harrison Phillips
New York Jets,DL,Ochaun Mathis
New York Jets,DL,Mazi Smith
New York Jets,DL,Micheal Clemons
New York Jets,DL,Payton Page
New York Jets,K,Nick Folk
New York Jets,LB,Quincy Williams
New York Jets,LB,Mykal Walker
New York Jets,LB,Will McDonald
New York Jets,LB,Jamien Sherwood
New York Jets,LB,Marcelino McCrary-Ball
New York Jets,LB,Jackson Sirmon
New York Jets,LB,Brendon White
New York Jets,LB,Kobe King
New York Jets,LB,Kiko Mauigoa
New York Jets,LB,Jermaine Johnson
New York Jets,LB,Cam Jones
New York Jets,QB,Hendon Hooker
New York Jets,QB,Tyrod Taylor
New York Jets,QB,Justin Fields
New York Jets,QB,Brady Cook
New York Jets,RB,Andrew Beck
New York Jets,RB,Khalil Herbert
New York Jets,RB,Isaiah Davis
New York Jets,RB,Braelon Allen
New York Jets,RB,Kene Nwangwu
New York Jets,RB,Keilan Robinson
New York Jets,RB,Raheem Blackshear
New York Jets,RB,Breece Hall
New York Jets,TE,Nick Muse
New York Jets,TE,Jeremy Ruckert
New York Jets,TE,Stone Smartt
New York Jets,TE,Jelani Woods
New York Jets,TE,Mason Taylor
New York Jets,TE,Joshua Perkins
New York Jets,WR,Jamaal Pritchett
New York Jets,WR,John Metchie
New York Jets,WR,Isaiah Williams
New York Jets,WR,Garrett Wilson
New York Jets,WR,Irvin Charles
New York Jets,WR,Josh Reynolds
New York Jets,WR,Myles White
New York Jets,WR,Trenton Irwin
New York Jets,WR,Arian Smith
New York Jets,WR,Adonai Mitchell
New York Jets,WR,Quentin Skinner
New York Jets,WR,Tyler Johnson
Philadelphia Eagles,DB,Brandon Johnson
Philadelphia Eagles,DB,Adoree' Jackson
Philadelphia Eagles,DB,Tariq Castro-Fields
Philadelphia Eagles,DB,Andrew Mukuba
Philadelphia Eagles,DB,Jakorian Bennett
Philadelphia Eagles,DB,Andre' Sam
Philadelphia Eagles,DB,Duplicate Player
Philadelphia Eagles,DB,Sydney Brown
Philadelphia Eagles,DB,Michael Carter
Philadelphia Eagles,DB,Cooper DeJean
Philadelphia Eagles,DB,Ambry Thomas
Philadelphia Eagles,DB,Reed Blankenship
Philadelphia Eagles,DB,Kelee Ringo
Philadelphia Eagles,DB,Mac McWilliams
Philadelphia Eagles,DB,Marcus Epps
Philadelphia Eagles,DB,Quinyon Mitchell
Philadelphia Eagles,DL,Patrick Johnson
Philadelphia Eagles,DL,Azeez Ojulari
Philadelphia Eagles,DL,Jalyx Hunt
Philadelphia Eagles,DL,Ta'Quon Graham
Philadelphia Eagles,DL,Joshua Uche
Philadelphia Eagles,DL,Moro Ojomo
Philadelphia Eagles,DL,Jalen Carter
Philadelphia Eagles,DL,Jordan Davis
Philadelphia Eagles,DL,Gabe Hall
Philadelphia Eagles,DL,Ty Robinson
Philadelphia Eagles,DL,Jaelan Phillips
Philadelphia Eagles,DL,Nolan Smith
Philadelphia Eagles,DL,Ogbo Okoronkwo
Philadelphia Eagles,DL,Byron Young
Philadelphia Eagles,DL,Charles Walker
Philadelphia Eagles,DL,Jacob Sykes
Philadelphia Eagles,DL,Brandon Graham
Philadelphia Eagles,K,Jake Elliott
Philadelphia Eagles,LB,Azeez Ojulari
Philadelphia Eagles,LB,Chance Campbell
Philadelphia Eagles,LB,Ben VanSumeren
Philadelphia Eagles,LB,Joshua Uche
Philadelphia Eagles,LB,Jaelan Phillips
Philadelphia Eagles,LB,Nakobe Dean
Philadelphia Eagles,LB,Nolan Smith
Philadelphia Eagles,LB,Ogbo Okoronkwo
Philadelphia Eagles,LB,Jeremiah Trotter
Philadelphia Eagles,LB,Zack Baun
Philadelphia Eagles,LB,Smael Mondon
Philadelphia Eagles,LB,Jihaad Campbell
Philadelphia Eagles,QB,Jalen Hurts
Philadelphia Eagles,QB,Kyle McCord
Philadelphia Eagles,QB,Tanner McKee
Philadelphia Eagles,QB,Sam Howell
Philadelphia Eagles,RB,Will Shipley
Philadelphia Eagles,RB,Saquon Barkley
Philadelphia Eagles,RB,Tank Bigsby
Philadelphia Eagles,RB,A.J. Dillon
Philadelphia Eagles,TE,E.J. Jenkins
Philadelphia Eagles,TE,Grant Calcaterra
Philadelphia Eagles,TE,Dallas Goedert
Philadelphia Eagles,TE,Cameron Latu
Philadelphia Eagles,TE,Kylen Granson
Philadelphia Eagles,WR,Johnny Wilson
Philadelphia Eagles,WR,Jahan Dotson
Philadelphia Eagles,WR,Quez Watkins
Philadelphia Eagles,WR,Britain Covey
Philadelphia Eagles,WR,A.J. Brown
Philadelphia Eagles,WR,DeVonta Smith
Philadelphia Eagles,WR,Terrace Marshall
Philadelphia Eagles,WR,Darius Cooper
Philadelphia Eagles,WR,Danny Gray
Pittsburgh Steelers,DB,Cory Trice
Pittsburgh Steelers,DB,Sebastian Castro
Pittsburgh Steelers,DB,D'Shawn Jamison
Pittsburgh Steelers,DB,Miles Killebrew
Pittsburgh Steelers,DB,Donte Kent
Pittsburgh Steelers,DB,Brandin Echols
Pittsburgh Steelers,DB,James Pierre
Pittsburgh Steelers,DB,Chuck Clark
Pittsburgh Steelers,DB,Asante Samuel
Pittsburgh Steelers,DB,DeShon Elliott
Pittsburgh Steelers,DB,Jalen Ramsey
Pittsburgh Steelers,DB,Joey Porter
Pittsburgh Steelers,DB,Daequan Hardy
Pittsburgh Steelers,DB,Jabrill Peppers
Pittsburgh Steelers,DB,Kyle Dugger
Pittsburgh Steelers,DB,Max Hurleman
Pittsburgh Steelers,DL,Nick Herbig
Pittsburgh Steelers,DL,Jack Sawyer
Pittsburgh Steelers,DL,Logan Lee
Pittsburgh Steelers,DL,J.T. Jones
Pittsburgh Steelers,DL,Alex Highsmith
Pittsburgh Steelers,DL,Anthony Goodlow
Pittsburgh Steelers,DL,Isaiahh Loudermilk
Pittsburgh Steelers,DL,Kyler Baugh
Pittsburgh Steelers,DL,T.J. Watt
Pittsburgh Steelers,DL,Cameron Heyward
Pittsburgh Steelers,DL,Keeanu Benton
Pittsburgh Steelers,DL,Esezi Otomewo
Pittsburgh Steelers,DL,Derrick Harmon
Pittsburgh Steelers,DL,Daniel Ekuale
Pittsburgh Steelers,DL,Yahya Black
Pittsburgh Steelers,DL,DeMarvin Leal
Pittsburgh Steelers,DL,Julius Welschof
Pittsburgh Steelers,DL,Dean Lowry
Pittsburgh Steelers,K,Chris Boswell
Pittsburgh Steelers,LB,Nick Herbig
Pittsburgh Steelers,LB,Jeremiah Moon
Pittsburgh Steelers,LB,Christian Kuntz
Pittsburgh Steelers,LB,Alex Highsmith
Pittsburgh Steelers,LB,Miles Killebrew
Pittsburgh Steelers,LB,T.J. Watt
Pittsburgh Steelers,LB,Carson Bruener
Pittsburgh Steelers,LB,Patrick Queen
Pittsburgh Steelers,LB,Jabrill Peppers
Pittsburgh Steelers,LB,Cole Holcomb
Pittsburgh Steelers,LB,Payton Wilson
Pittsburgh Steelers,LB,Malik Harrison
Pittsburgh Steelers,QB,Dwayne Haskins
Pittsburgh Steelers,QB,Aaron Rodgers
Pittsburgh Steelers,QB,Skylar Thompson
Pittsburgh Steelers,QB,Nick Schuessler
Pittsburgh Steelers,QB,John Rhys Plumlee
Pittsburgh Steelers,QB,Will Howard
Pittsburgh Steelers,QB,Ben Roethlisberger
Pittsburgh Steelers,QB,Mason Rudolph
Pittsburgh Steelers,RB,Trey Sermon
Pittsburgh Steelers,RB,Lew Nichols
Pittsburgh Steelers,RB,Kaleb Johnson
Pittsburgh Steelers,RB,Kenneth Gainwell
Pittsburgh Steelers,RB,Jaylen Warren
Pittsburgh Steelers,TE,Dax Raymond
Pittsburgh Steelers,TE,Darnell Washington
Pittsburgh Steelers,TE,Jaheim Bell
Pittsburgh Steelers,TE,Connor Heyward
Pittsburgh Steelers,TE,Eric Ebron
Pittsburgh Steelers,TE,Pat Freiermuth
Pittsburgh Steelers,TE,Donald Parham
Pittsburgh Steelers,TE,Jonnu Smith
Pittsburgh Steelers,TE,Matt Sokol
Pittsburgh Steelers,WR,Calvin Austin
Pittsburgh Steelers,WR,Roman Wilson
Pittsburgh Steelers,WR,Adam Thielen
Pittsburgh Steelers,WR,Ben Skowronek
Pittsburgh Steelers,WR,Scotty Miller
Pittsburgh Steelers,WR,Brandon Johnson
Pittsburgh Steelers,WR,Marquez Valdes-Scantling
Pittsburgh Steelers,WR,DK Metcalf
San Francisco 49ers,DB,Jason Pinnock
San Francisco 49ers,DB,Malik Mustapha
San Francisco 49ers,DB,Eli Apple
San Francisco 49ers,DB,Renardo Green
San Francisco 49ers,DB,Tre Tomlinson
San Francisco 49ers,DB,Chase Lucas
San Francisco 49ers,DB,Tavon Wilson
San Francisco 49ers,DB,Mark Fields
San Francisco 49ers,DB,Doug Middleton
San Francisco 49ers,DB,Derrick Canteen
San Francisco 49ers,DB,Upton Stout
San Francisco 49ers,DB,Jakob Robinson
San Francisco 49ers,DB,Darrell Luter
San Francisco 49ers,DB,Ji'Ayir Brown
San Francisco 49ers,DB,Deommodore Lenoir
San Francisco 49ers,DB,Marques Sigle
San Francisco 49ers,DB,Siran Neal
San Francisco 49ers,DB,Jalen Graham
San Francisco 49ers,DL,Mykel Williams
San Francisco 49ers,DL,Jordan Elliott
San Francisco 49ers,DL,Kevin Givens
San Francisco 49ers,DL,Kalia Davis
San Francisco 49ers,DL,Sebastian Valdez
San Francisco 49ers,DL,C.J. West
San Francisco 49ers,DL,Bryce Huff
San Francisco 49ers,DL,Yetur Gross-Matos
San Francisco 49ers,DL,Clelin Ferrell
San Francisco 49ers,DL,William Bradley-King
San Francisco 49ers,DL,Tarron Jackson
San Francisco 49ers,DL,Evan Anderson
San Francisco 49ers,DL,Keion White
San Francisco 49ers,DL,Nick Bosa
San Francisco 49ers,DL,Eddie Vanderdoes
San Francisco 49ers,DL,Alfred Collins
San Francisco 49ers,DL,Sam Okuayinonu
San Francisco 49ers,K,Eddy Pineiro
San Francisco 49ers,LB,Andrew Farmer
San Francisco 49ers,LB,Curtis Robinson
San Francisco 49ers,LB,Bryce Huff
San Francisco 49ers,LB,Robert Beal
San Francisco 49ers,LB,Yetur Gross-Matos
San Francisco 49ers,LB,Luke Gifford
San Francisco 49ers,LB,William Bradley-King
San Francisco 49ers,LB,Eric Kendricks
San Francisco 49ers,LB,Fred Warner
San Francisco 49ers,LB,Nick Martin
San Francisco 49ers,LB,Dee Winters
San Francisco 49ers,LB,Garret Wallow
San Francisco 49ers,LB,Tatum Bethune
San Francisco 49ers,QB,Kurtis Rourke
San Francisco 49ers,QB,Brock Purdy
San Francisco 49ers,QB,Adrian Martinez
San Francisco 49ers,QB,Mac Jones
San Francisco 49ers,RB,Brian Robinson
San Francisco 49ers,RB,Isaac Guerendo
San Francisco 49ers,RB,Christian McCaffrey
San Francisco 49ers,RB,Patrick Taylor
San Francisco 49ers,RB,Glen Coffee
San Francisco 49ers,RB,Jordan James
San Francisco 49ers,RB,Kyle Juszczyk
San Francisco 49ers,TE,Jake Tonges
San Francisco 49ers,TE,Luke Farrell
San Francisco 49ers,TE,Brayden Willis
San Francisco 49ers,TE,George Kittle
San Francisco 49ers,WR,Jacob Cowing
San Francisco 49ers,WR,Jauan Jennings
San Francisco 49ers,WR,Demarcus Robinson
San Francisco 49ers,WR,Malik Turner
San Francisco 49ers,WR,Ricky Pearsall
San Francisco 49ers,WR,Jordan Watkins
San Francisco 49ers,WR,Trent Taylor
San Francisco 49ers,WR,Kendrick Bourne
San Francisco 49ers,WR,Javon Baker
San Francisco 49ers,WR,Brandon Aiyuk
San Francisco 49ers,WR,Skyy Moore
San Francisco 49ers,WR,Junior Bergen
Seattle Seahawks,DB,Julian Love
Seattle Seahawks,DB,Tyler Hall
Seattle Seahawks,DB,Nick Emmanwori
Seattle Seahawks,DB,Nehemiah Pritchett
Seattle Seahawks,DB,AJ Finley
Seattle Seahawks,DB,Josh Jobe
Seattle Seahawks,DB,Maxen Hook
Seattle Seahawks,DB,Shaquill Griffin
Seattle Seahawks,DB,Quandre Diggs
Seattle Seahawks,DB,Riq Woolen
Seattle Seahawks,DB,Ty Okada
Seattle Seahawks,DB,Coby Bryant
Seattle Seahawks,DB,Shemar Jean-Charles
Seattle Seahawks,DB,Devon Witherspoon
Seattle Seahawks,DL,DeMarcus Lawrence
Seattle Seahawks,DL,Leonard Williams
Seattle Seahawks,DL,J.R. Singleton
Seattle Seahawks,DL,Jarran Reed
Seattle Seahawks,DL,Rylie Mills
Seattle Seahawks,DL,Mike Morris
Seattle Seahawks,DL,Derick Hall
Seattle Seahawks,DL,Wy'Kevious Thomas
Seattle Seahawks,DL,Benson Mayowa
Seattle Seahawks,DL,Connor O'Toole
Seattle Seahawks,DL,Uchenna Nwosu
Seattle Seahawks,DL,Jared Ivey
Seattle Seahawks,DL,Byron Murphy
Seattle Seahawks,DL,Brandon Pili
Seattle Seahawks,DL,Ja'Markis Weston
Seattle Seahawks,DL,Boye Mafe
Seattle Seahawks,K,Jason Myers
Seattle Seahawks,LB,Jamie Sheriff
Seattle Seahawks,LB,Patrick O'Connell
Seattle Seahawks,LB,Uchenna Nwosu
Seattle Seahawks,LB,Chazz Surratt
Seattle Seahawks,LB,Tyrice Knight
Seattle Seahawks,LB,Keith Butler
Seattle Seahawks,LB,Drake Thomas
Seattle Seahawks,LB,Boye Mafe
Seattle Seahawks,LB,Ernest Jones
Seattle Seahawks,LB,Edmond Robinson
Seattle Seahawks,LB,Chris Paul
Seattle Seahawks,QB,Drew Lock
Seattle Seahawks,QB,Sam Darnold
Seattle Seahawks,QB,Jalen Milroe
Seattle Seahawks,QB,Skyler Howard
Seattle Seahawks,RB,Jacardia Wright
Seattle Seahawks,RB,Velus Jones
Seattle Seahawks,RB,Robbie Ouzts
Seattle Seahawks,RB,George Holani
Seattle Seahawks,RB,Kenneth Walker
Seattle Seahawks,RB,Cam Akers
Seattle Seahawks,RB,Zach Charbonnet
Seattle Seahawks,RB,Kenny McIntosh
Seattle Seahawks,TE,Brady Russell
Seattle Seahawks,TE,Eric Saubert
Seattle Seahawks,TE,Nick Kallerup
Seattle Seahawks,TE,AJ Barner
Seattle Seahawks,TE,Elijah Arroyo
Seattle Seahawks,WR,Jaxon Smith-Njigba
Seattle Seahawks,WR,Ricky White
Seattle Seahawks,WR,Jake Bobo
Seattle Seahawks,WR,Montorie Foster
Seattle Seahawks,WR,Rashid Shaheed
Seattle Seahawks,WR,Cody White
Seattle Seahawks,WR,Cooper Kupp
Seattle Seahawks,WR,Tory Horton
Seattle Seahawks,WR,Dareke Young
Seattle Seahawks,WR,Courtney Jackson
Seattle Seahawks,WR,Tyrone Broden
Tampa Bay Buccaneers,DB,JJ Roberts
Tampa Bay Buccaneers,DB,Damarion Williams
Tampa Bay Buccaneers,DB,J.T. Gray
Tampa Bay Buccaneers,DB,Zyon McCollum
Tampa Bay Buccaneers,DB,Augie Contressa
Tampa Bay Buccaneers,DB,Jamel Dean
Tampa Bay Buccaneers,DB,Christian Izien
Tampa Bay Buccaneers,DB,Marcus Banks
Tampa Bay Buccaneers,DB,Jacob Parrish
Tampa Bay Buccaneers,DB,Blidi Wreh-Wilson
Tampa Bay Buccaneers,DB,Rashad Wisdom
Tampa Bay Buccaneers,DB,Kindle Vildor
Tampa Bay Buccaneers,DB,Tykee Smith
Tampa Bay Buccaneers,DB,Benjamin Morrison
Tampa Bay Buccaneers,DB,Bryce Hall
Tampa Bay Buccaneers,DB,Antoine Winfield
Tampa Bay Buccaneers,DB,Josh Hayes
Tampa Bay Buccaneers,DL,Vita Vea
Tampa Bay Buccaneers,DL,Jason Pierre-Paul
Tampa Bay Buccaneers,DL,Greg Gaines
Tampa Bay Buccaneers,DL,Yaya Diaby
Tampa Bay Buccaneers,DL,Haason Reddick
Tampa Bay Buccaneers,DL,Jayson Jones
Tampa Bay Buccaneers,DL,Mohamed Kamara
Tampa Bay Buccaneers,DL,Logan Hall
Tampa Bay Buccaneers,DL,David Walker
Tampa Bay Buccaneers,DL,Adam Gotsis
Tampa Bay Buccaneers,DL,Elijah Simmons
Tampa Bay Buccaneers,DL,Benton Whitley
Tampa Bay Buccaneers,DL,C.J. Brewer
Tampa Bay Buccaneers,DL,Calijah Kancey
Tampa Bay Buccaneers,DL,Nash Hutmacher
Tampa Bay Buccaneers,DL,Elijah Roberts
Tampa Bay Buccaneers,DL,Markees Watts
Tampa Bay Buccaneers,K,Chase McLaughlin
Tampa Bay Buccaneers,LB,Anthony Nelson
Tampa Bay Buccaneers,LB,Jason Pierre-Paul
Tampa Bay Buccaneers,LB,Yaya Diaby
Tampa Bay Buccaneers,LB,Haason Reddick
Tampa Bay Buccaneers,LB,Deion Jones
Tampa Bay Buccaneers,LB,Nick Jackson
Tampa Bay Buccaneers,LB,Lavonte David
Tampa Bay Buccaneers,LB,David Walker
Tampa Bay Buccaneers,LB,Chris Braswell
Tampa Bay Buccaneers,LB,SirVocea Dennis
Tampa Bay Buccaneers,LB,Anthony Walker
Tampa Bay Buccaneers,QB,Garrett Greene
Tampa Bay Buccaneers,QB,Baker Mayfield
Tampa Bay Buccaneers,QB,Connor Bazelak
Tampa Bay Buccaneers,QB,Teddy Bridgewater
Tampa Bay Buccaneers,RB,Le'Veon Bell
Tampa Bay Buccaneers,RB,Bucky Irving
Tampa Bay Buccaneers,RB,Rachaad White
Tampa Bay Buccaneers,RB,Sean Tucker
Tampa Bay Buccaneers,RB,Owen Wright
Tampa Bay Buccaneers,RB,Josh Williams
Tampa Bay Buccaneers,TE,Cade Otton
Tampa Bay Buccaneers,TE,Ko Kieft
Tampa Bay Buccaneers,TE,Darren Fells
Tampa Bay Buccaneers,TE,Payne Durham
Tampa Bay Buccaneers,TE,Tanner Taula
Tampa Bay Buccaneers,TE,Devin Culp
Tampa Bay Buccaneers,WR,Chris Godwin
Tampa Bay Buccaneers,WR,Jalen McMillan
Tampa Bay Buccaneers,WR,Emeka Egbuka
Tampa Bay Buccaneers,WR,Mike Evans
Tampa Bay Buccaneers,WR,Kameron Johnson
Tampa Bay Buccaneers,WR,Dennis Houston
Tampa Bay Buccaneers,WR,Sterling Shepard
Tampa Bay Buccaneers,WR,Tez Johnson
Tennessee Titans,DB,Kaiir Elam
Tennessee Titans,DB,Micah Robinson
Tennessee Titans,DB,Kevin Winston
Tennessee Titans,DB,Mike Brown
Tennessee Titans,DB,James Williams
Tennessee Titans,DB,Darrell Baker
Tennessee Titans,DB,L'Jarius Sneed
Tennessee Titans,DB,Jerrick Reed
Tennessee Titans,DB,Xavier Woods
Tennessee Titans,DB,Briean Boddy-Calhoun
Tennessee Titans,DB,Sanoussi Kane
Tennessee Titans,DB,Marcus Harris
Tennessee Titans,DB,Amani Hooker
Tennessee Titans,DB,Keydrain Calligan
Tennessee Titans,DB,Kendell Brooks
Tennessee Titans,DB,Kemon Hall
Tennessee Titans,DB,Erick Hallett
Tennessee Titans,DB,Jalyn Armour-Davis
Tennessee Titans,DL,James Lynch
Tennessee Titans,DL,Truman Jones
Tennessee Titans,DL,Jeffery Simmons
Tennessee Titans,DL,Nate Lynn
Tennessee Titans,DL,Cam Horsley
Tennessee Titans,DL,C.J. Ravenell
Tennessee Titans,DL,David Ebuka Agoha
Tennessee Titans,DL,Sebastian Joseph-Day
Tennessee Titans,DL,T'Vondre Sweat
Tennessee Titans,DL,Timmy Horne
Tennessee Titans,DL,Roderick Henderson
Tennessee Titans,DL,Jaylen Harrell
Tennessee Titans,DL,Arden Key
Tennessee Titans,DL,Ali Gaye
Tennessee Titans,DL,Jihad Ward
Tennessee Titans,DL,Oluwafemi Oladejo
Tennessee Titans,DL,Isaiah Raikes
Tennessee Titans,DL,Carlos Watkins
Tennessee Titans,K,Joey Slye
Tennessee Titans,LB,James Williams
Tennessee Titans,LB,Dorian Mausi
Tennessee Titans,LB,Cedric Gray
Tennessee Titans,LB,Arden Key
Tennessee Titans,LB,Jihad Ward
Tennessee Titans,LB,Cam Riley
Tennessee Titans,LB,Anfernee Orji
Tennessee Titans,LB,Cody Barton
Tennessee Titans,LB,Joe Bachie
Tennessee Titans,QB,Will Levis
Tennessee Titans,QB,Cam Ward
Tennessee Titans,QB,Brandon Allen
Tennessee Titans,QB,Trevor Siemian
Tennessee Titans,RB,Julius Chestnut
Tennessee Titans,RB,Tony Pollard
Tennessee Titans,RB,Tyjae Spears
Tennessee Titans,RB,Kalel Mullings
Tennessee Titans,RB,Jordan Mims
Tennessee Titans,RB,Blake Watson
Tennessee Titans,TE,Donnie Ernsberger
Tennessee Titans,TE,Gunnar Helm
Tennessee Titans,TE,David Martin-Robinson
Tennessee Titans,TE,Joel Wilson
Tennessee Titans,TE,Cole Turner
Tennessee Titans,TE,Chig Okonkwo
Tennessee Titans,WR,Caleb Scott
Tennessee Titans,WR,Bryce Oliver
Tennessee Titans,WR,Calvin Ridley
Tennessee Titans,WR,Chimere Dike
Tennessee Titans,WR,Mason Kinsey
Tennessee Titans,WR,James Proche
Tennessee Titans,WR,Hal Presley
Tennessee Titans,WR,Elic Ayomanor
Tennessee Titans,WR,Xavier Restrepo
Tennessee Titans,WR,Van Jefferson
Tennessee Titans,WR,Lance McCutcheon
Washington Commanders,DB,Kevon Seymour
Washington Commanders,DB,Jeremy Reaves
Washington Commanders,DB,Noah Igbinoghene
Washington Commanders,DB,Tre Hawkins
Washington Commanders,DB,Mike Sainristil
Washington Commanders,DB,Darius Rush
Washington Commanders,DB,Will Harris
Washington Commanders,DB,Marshon Lattimore
Washington Commanders,DB,D.J. Hayden
Washington Commanders,DB,Robert McDaniel
Washington Commanders,DB,Quan Martin
Washington Commanders,DB,Percy Butler
Washington Commanders,DB,Tyler Owens
Washington Commanders,DB,Antonio Hamilton
Washington Commanders,DB,Deshazor Everett
Washington Commanders,DB,Jonathan Jones
Washington Commanders,DB,Trey Amos
Washington Commanders,DB,Car'lin Vigers
Washington Commanders,DL,Ricky Barber
Washington Commanders,DL,Javon Kinlaw
Washington Commanders,DL,Eddie Goldman
Washington Commanders,DL,Sheldon Day
Washington Commanders,DL,Von Miller
Washington Commanders,DL,Dorance Armstrong
Washington Commanders,DL,Deatrich Wise
Washington Commanders,DL,Jacob Martin
Washington Commanders,DL,Drake Jackson
Washington Commanders,DL,Gabe Wright
Washington Commanders,DL,Shy Tuttle
Washington Commanders,DL,Jalyn Holmes
Washington Commanders,DL,Jer'Zhan Newton
Washington Commanders,DL,Daron Payne
Washington Commanders,DL,DeMarcus Walker
Washington Commanders,DL,Javontae Jean-Baptiste
Washington Commanders,DL,Preston Smith
Washington Commanders,DL,T.J. Maguranyanga
Washington Commanders,K,Jake Moody
Washington Commanders,LB,DJ Johnson
Washington Commanders,LB,Bobby Wagner
Washington Commanders,LB,Von Miller
Washington Commanders,LB,Jordan Magee
Washington Commanders,LB,Jacob Martin
Washington Commanders,LB,Kain Medrano
Washington Commanders,LB,Frankie Luvu
Washington Commanders,LB,Nick Bellore
Washington Commanders,LB,Ale Kaho
Washington Commanders,LB,DeMarcus Walker
Washington Commanders,LB,Preston Smith
Washington Commanders,QB,Josh Johnson
Washington Commanders,QB,Sam Hartman
Washington Commanders,QB,Jeff Driskel
Washington Commanders,QB,Marcus Mariota
Washington Commanders,QB,Jayden Daniels
Washington Commanders,RB,Jeremy McNichols
Washington Commanders,RB,Austin Ekeler
Washington Commanders,RB,Jacory Croskey-Merritt
Washington Commanders,RB,Chris Rodriguez
Washington Commanders,RB,Chase Edmonds
Washington Commanders,RB,Wendell Smallwood
Washington Commanders,TE,Gee Scott
Washington Commanders,TE,Zach Ertz
Washington Commanders,TE,Lawrence Cager
Washington Commanders,TE,Tyree Jackson
Washington Commanders,TE,Ben Sinnott
Washington Commanders,TE,Temarrick Hemingway
Washington Commanders,TE,Colson Yankoff
Washington Commanders,TE,John Bates
Washington Commanders,WR,Robbie Chosen
Washington Commanders,WR,Ja'Corey Brooks
Washington Commanders,WR,Chris Moore
Washington Commanders,WR,Deebo Samuel
Washington Commanders,WR,Luke McCaffrey
Washington Commanders,WR,Treylon Burks
Washington Commanders,WR,Jaylin Lane
Washington Commanders,WR,Nick Nash
Washington Commanders,WR,River Cracraft
Washington Commanders,WR,Jacoby Jones
Washington Commanders,WR,Terry McLaurin
Washington Commanders,WR,Noah Brown
